dur,proto,service,state,spkts,dpkts,sbytes,dbytes,rate,sttl,dttl,sload,dload,sloss,dloss,sinpkt,dinpkt,sjit,djit,swin,stcpb,dtcpb,dwin,tcprtt,synack,ackdat,smean,dmean,trans_depth,response_body_len,ct_srv_src,ct_state_ttl,ct_dst_ltm,ct_src_dport_ltm,ct_dst_sport_ltm,ct_dst_src_ltm,is_ftp_login,ct_ftp_cmd,ct_flw_http_mthd,ct_src_ltm,ct_srv_dst,is_sm_ips_ports,attack_cat,label
0.181932,tcp,http,SH,105,0,21366.0,0.0,577.1387111668096,0,0,939515.8630697184,0.0,0,0,0.0,0.0,0.0,0.0,0,0,0,0,0.0,0.0,0.0,203,0,80.0,0.0,1,1,1,1,1,1,0,0,1,1,1,0,Analysis,1
0.186911,tcp,http,SH,105,0,21451.0,0.0,561.7646901466474,0,0,918126.8090160558,0.0,0,0,0.0,0.0,0.0,0.0,0,0,0,0,0.0,0.0,0.0,204,0,80.0,0.0,2,2,2,2,1,2,0,0,2,2,1,0,Analysis,1
0.053574,tcp,http,SH,32,0,5979.0,0.0,597.3046627095233,0,0,892821.14458506,0.0,0,0,0.0,0.0,0.0,0.0,0,0,0,0,0.0,0.0,0.0,186,0,5.0,0.0,3,3,3,3,1,3,0,0,3,3,1,0,Analysis,1
0.1163,tcp,http,SH,67,0,12772.0,0.0,576.0963026655202,0,0,878555.460017197,0.0,0,0,0.0,0.0,0.0,0.0,0,0,0,0,0.0,0.0,0.0,190,0,55.0,0.0,4,4,4,4,1,4,0,0,4,4,1,0,Analysis,1
0.173962,tcp,http,SH,106,0,21284.0,0.0,609.3284740345592,0,0,978788.4710454008,0.0,0,0,0.0,0.0,0.0,0.0,0,0,0,0,0.0,0.0,0.0,200,0,80.0,0.0,5,5,5,5,1,5,0,0,5,5,1,0,Analysis,1
0.191926,tcp,http,SH,105,0,21296.0,0.0,547.0858560070027,0,0,887675.4582495337,0.0,0,0,0.0,0.0,0.0,0.0,0,0,0,0,0.0,0.0,0.0,202,0,80.0,0.0,6,6,6,6,1,6,0,0,6,6,1,0,Analysis,1
0.162921,tcp,http,SH,105,0,21350.0,0.0,644.4841364833262,0,0,1048360.8620128774,0.0,0,0,0.0,0.0,0.0,0.0,0,0,0,0,0.0,0.0,0.0,203,0,80.0,0.0,7,7,7,7,1,7,0,0,7,7,1,0,Analysis,1
0.167571,tcp,http,SH,105,0,21338.0,0.0,626.6000680308646,0,0,1018696.552506102,0.0,0,0,0.0,0.0,0.0,0.0,0,0,0,0,0.0,0.0,0.0,203,0,80.0,0.0,8,8,8,8,1,8,0,0,8,8,1,0,Analysis,1
0.106243,tcp,http,SH,65,0,13017.0,0.0,611.8050130361529,0,0,980168.1051928126,0.0,0,0,0.0,0.0,0.0,0.0,0,0,0,0,0.0,0.0,0.0,200,0,55.0,0.0,9,9,9,9,1,9,0,0,9,9,1,0,Analysis,1
0.060752,tcp,http,SH,31,0,5633.0,0.0,510.2712667895707,0,0,741769.8182775875,0.0,0,0,0.0,0.0,0.0,0.0,0,0,0,0,0.0,0.0,0.0,181,0,5.0,0.0,10,10,10,10,1,10,0,0,10,10,1,0,Analysis,1
0.147334,tcp,http,SH,76,0,16328.0,0.0,515.8347699784164,0,0,886584.2236007983,0.0,0,0,0.0,0.0,0.0,0.0,0,0,0,0,0.0,0.0,0.0,214,0,69.0,0.0,11,11,11,11,1,11,0,0,11,11,1,0,Analysis,1
0.18194,tcp,http,SH,105,0,22508.0,0.0,577.1133340661756,0,0,989688.9084313512,0.0,0,0,0.0,0.0,0.0,0.0,0,0,0,0,0.0,0.0,0.0,214,0,80.0,0.0,12,12,12,12,1,12,0,0,12,12,1,0,Analysis,1
0.053292,tcp,http,SH,34,0,6626.0,0.0,637.9944456954139,0,0,994670.8699241912,0.0,0,0,0.0,0.0,0.0,0.0,0,0,0,0,0.0,0.0,0.0,194,0,10.0,0.0,13,13,13,13,1,13,0,0,13,13,1,0,Analysis,1
0.172581,tcp,http,SH,105,0,22524.0,0.0,608.4099640168964,0,0,1044101.0308203103,0.0,0,0,0.0,0.0,0.0,0.0,0,0,0,0,0.0,0.0,0.0,214,0,80.0,0.0,14,14,14,14,1,14,0,0,14,14,1,0,Analysis,1
0.187606,tcp,http,SH,105,0,22660.0,0.0,559.6835922092044,0,0,966280.3961493768,0.0,0,0,0.0,0.0,0.0,0.0,0,0,0,0,0.0,0.0,0.0,215,0,80.0,0.0,15,15,15,15,1,15,0,0,15,15,1,0,Analysis,1
0.069573,tcp,http,SH,42,0,7956.0,0.0,603.6824630244491,0,0,914837.6525376224,0.0,0,0,0.0,0.0,0.0,0.0,0,0,0,0,0.0,0.0,0.0,189,0,10.0,0.0,16,16,16,16,1,16,0,0,16,16,1,0,Analysis,1
0.078037,tcp,http,SH,49,0,11366.0,0.0,627.9072747542832,0,0,1165190.8709970913,0.0,0,0,0.0,0.0,0.0,0.0,0,0,0,0,0.0,0.0,0.0,231,0,10.0,0.0,17,17,17,17,1,17,0,0,17,17,1,0,Analysis,1
0.002479,tcp,http,SH,5,0,229.0,0.0,2016.9423154497783,0,0,739007.6643807987,0.0,0,0,0.0,0.0,0.0,0.0,0,0,0,0,0.0,0.0,0.0,45,0,1.0,0.0,18,18,18,18,1,18,0,0,18,18,1,0,Analysis,1
0.027321,tcp,http,SH,20,0,4108.0,0.0,732.0376267340141,0,0,1202884.228249332,0.0,0,0,0.0,0.0,0.0,0.0,0,0,0,0,0.0,0.0,0.0,205,0,5.0,0.0,19,19,19,19,1,19,0,0,19,19,1,0,Analysis,1
0.076186,tcp,http,SH,41,0,9647.0,0.0,538.1566167012312,0,0,1012994.5134276638,0.0,0,0,0.0,0.0,0.0,0.0,0,0,0,0,0.0,0.0,0.0,235,0,10.0,0.0,20,20,20,20,1,20,0,0,20,20,1,0,Analysis,1
0.007497,tcp,http,SH,8,0,926.0,0.0,1067.093504068294,0,0,988128.5847672402,0.0,0,0,0.0,0.0,0.0,0.0,0,0,0,0,0.0,0.0,0.0,115,0,2.0,0.0,21,21,21,21,1,21,0,0,21,21,1,0,Analysis,1
0.001958,tcp,http,SH,5,0,258.0,0.0,2553.626149131767,0,0,1054136.8743615935,0.0,0,0,0.0,0.0,0.0,0.0,0,0,0,0,0.0,0.0,0.0,51,0,1.0,0.0,22,22,22,22,1,22,0,0,22,22,1,0,Analysis,1
0.186659,tcp,http,SH,105,0,27672.0,0.0,562.5231036274704,0,0,1185991.5675108086,0.0,0,0,0.0,0.0,0.0,0.0,0,0,0,0,0.0,0.0,0.0,263,0,80.0,0.0,23,23,23,23,1,23,0,0,23,23,1,0,Analysis,1
0.178472,tcp,http,SH,105,0,28691.0,0.0,588.3275807969878,0,0,1286072.885382581,0.0,0,0,0.0,0.0,0.0,0.0,0,0,0,0,0.0,0.0,0.0,273,0,80.0,0.0,24,24,24,24,1,24,0,0,24,24,1,0,Analysis,1
0.187881,tcp,http,SH,106,0,23548.0,0.0,564.1869055412735,0,0,1002677.2265423328,0.0,0,0,0.0,0.0,0.0,0.0,0,0,0,0,0.0,0.0,0.0,222,0,80.0,0.0,25,25,25,25,1,25,0,0,25,25,1,0,Analysis,1
0.169255,tcp,http,SH,105,0,24362.0,0.0,620.3657203627663,0,0,1151493.3089125876,0.0,0,0,0.0,0.0,0.0,0.0,0,0,0,0,0.0,0.0,0.0,232,0,80.0,0.0,26,26,26,26,1,26,0,0,26,26,1,0,Analysis,1
0.031101,tcp,http,SH,22,0,4189.0,0.0,707.3727532876757,0,0,1077521.6230989357,0.0,0,0,0.0,0.0,0.0,0.0,0,0,0,0,0.0,0.0,0.0,190,0,5.0,0.0,27,27,27,27,1,27,0,0,27,27,1,0,Analysis,1
0.166695,tcp,http,SH,105,0,22455.0,0.0,629.8929182039053,0,0,1077656.7983442815,0.0,0,0,0.0,0.0,0.0,0.0,0,0,0,0,0.0,0.0,0.0,213,0,80.0,0.0,28,28,28,28,1,28,0,0,28,28,1,0,Analysis,1
0.193403,tcp,http,SH,105,0,32906.0,0.0,542.9078142531398,0,0,1361137.1074905768,0.0,0,0,0.0,0.0,0.0,0.0,0,0,0,0,0.0,0.0,0.0,313,0,80.0,0.0,29,29,29,29,1,29,0,0,29,29,1,0,Analysis,1
0.088397,tcp,http,SH,53,0,10976.0,0.0,599.5678586377365,0,0,993336.8779483468,0.0,0,0,0.0,0.0,0.0,0.0,0,0,0,0,0.0,0.0,0.0,207,0,10.0,0.0,30,30,30,30,1,30,0,0,30,30,1,0,Analysis,1
0.002158,tcp,http,SH,5,0,238.0,0.0,2316.960148285449,0,0,882298.4244670991,0.0,0,0,0.0,0.0,0.0,0.0,0,0,0,0,0.0,0.0,0.0,47,0,1.0,0.0,31,31,31,31,1,31,0,0,31,31,1,0,Analysis,1
0.178564,tcp,http,SH,105,0,21617.0,0.0,588.0244618176116,0,0,968481.888846576,0.0,0,0,0.0,0.0,0.0,0.0,0,0,0,0,0.0,0.0,0.0,205,0,80.0,0.0,32,32,32,32,1,32,0,0,32,32,1,0,Analysis,1
0.192028,tcp,http,SH,106,0,21026.0,0.0,552.0028329201991,0,0,875955.5898098194,0.0,0,0,0.0,0.0,0.0,0.0,0,0,0,0,0.0,0.0,0.0,198,0,80.0,0.0,33,33,33,33,1,33,0,0,33,33,1,0,Analysis,1
0.175206,tcp,http,SH,105,0,21194.0,0.0,599.294544707373,0,0,967729.4156592812,0.0,0,0,0.0,0.0,0.0,0.0,0,0,0,0,0.0,0.0,0.0,201,0,80.0,0.0,34,34,34,34,1,34,0,0,34,34,1,0,Analysis,1
0.17768,tcp,http,SH,105,0,20894.0,0.0,590.9500225123818,0,0,940747.4110760918,0.0,0,0,0.0,0.0,0.0,0.0,0,0,0,0,0.0,0.0,0.0,198,0,80.0,0.0,35,35,35,35,1,35,0,0,35,35,1,0,Analysis,1
0.188367,tcp,http,SH,105,0,21517.0,0.0,557.4224784596028,0,0,913833.1024011635,0.0,0,0,0.0,0.0,0.0,0.0,0,0,0,0,0.0,0.0,0.0,204,0,80.0,0.0,36,36,36,36,1,36,0,0,36,36,1,0,Analysis,1
0.165855,tcp,http,SH,100,0,21913.0,0.0,602.9362997799283,0,0,1056971.4509662054,0.0,0,0,0.0,0.0,0.0,0.0,0,0,0,0,0.0,0.0,0.0,219,0,80.0,0.0,37,37,37,37,1,37,0,0,37,37,1,0,Analysis,1
0.002302,tcp,http,SH,5,0,355.0,0.0,2172.0243266724588,0,0,1233709.8175499567,0.0,0,0,0.0,0.0,0.0,0.0,0,0,0,0,0.0,0.0,0.0,71,0,1.0,,38,38,38,38,1,38,0,0,38,38,1,0,Analysis,1
0.001953,tcp,http,SH,5,0,329.0,0.0,2560.163850486431,0,0,1347670.250896057,0.0,0,0,0.0,0.0,0.0,0.0,0,0,0,0,0.0,0.0,0.0,65,0,1.0,,39,39,39,39,1,39,0,0,39,39,1,0,Analysis,1
0.002572,tcp,http,SH,5,0,331.0,0.0,1944.0124416796264,0,0,1029548.9891135304,0.0,0,0,0.0,0.0,0.0,0.0,0,0,0,0,0.0,0.0,0.0,66,0,1.0,,40,40,40,40,1,40,0,0,40,40,1,0,Analysis,1
0.002343,tcp,http,SH,5,0,384.0,0.0,2134.0162185232607,0,0,1311139.5646606914,0.0,0,0,0.0,0.0,0.0,0.0,0,0,0,0,0.0,0.0,0.0,76,0,1.0,,41,41,41,41,1,41,0,0,41,41,1,0,Analysis,1
0.002441,tcp,http,SH,5,0,344.0,0.0,2048.340843916428,0,0,1127406.8004916017,0.0,0,0,0.0,0.0,0.0,0.0,0,0,0,0,0.0,0.0,0.0,68,0,1.0,,42,42,42,42,1,42,0,0,42,42,1,0,Analysis,1
0.002301,tcp,http,SH,5,0,335.0,0.0,2172.9682746631897,0,0,1164710.9952194698,0.0,0,0,0.0,0.0,0.0,0.0,0,0,0,0,0.0,0.0,0.0,67,0,1.0,,43,43,43,43,1,43,0,0,43,43,1,0,Analysis,1
0.002852,tcp,http,SH,5,0,349.0,0.0,1753.155680224404,0,0,978962.1318373072,0.0,0,0,0.0,0.0,0.0,0.0,0,0,0,0,0.0,0.0,0.0,69,0,1.0,,44,44,44,44,1,44,0,0,44,44,1,0,Analysis,1
0.00262,tcp,http,SH,5,0,329.0,0.0,1908.3969465648856,0,0,1004580.1526717558,0.0,0,0,0.0,0.0,0.0,0.0,0,0,0,0,0.0,0.0,0.0,65,0,1.0,,45,45,45,45,1,45,0,0,45,45,1,0,Analysis,1
0.002554,tcp,http,SH,5,0,326.0,0.0,1957.7133907595928,0,0,1021143.3046202036,0.0,0,0,0.0,0.0,0.0,0.0,0,0,0,0,0.0,0.0,0.0,65,0,1.0,,46,46,46,46,1,46,0,0,46,46,1,0,Analysis,1
0.002177,tcp,http,SH,5,0,327.0,0.0,2296.738631143776,0,0,1201653.6518144235,0.0,0,0,0.0,0.0,0.0,0.0,0,0,0,0,0.0,0.0,0.0,65,0,1.0,,47,47,47,47,1,47,0,0,47,47,1,0,Analysis,1
0.108005,tcp,http,SH,66,0,19343.0,0.0,611.0828202398037,0,0,1432748.4838664876,0.0,0,0,0.0,0.0,0.0,0.0,0,0,0,0,0.0,0.0,0.0,293,0,55.0,0.0,48,48,48,48,1,48,0,0,48,48,1,0,Analysis,1
0.002179,tcp,http,SH,5,0,359.0,0.0,2294.630564479119,0,0,1318035.796236806,0.0,0,0,0.0,0.0,0.0,0.0,0,0,0,0,0.0,0.0,0.0,71,0,1.0,,49,49,49,49,1,49,0,0,49,49,1,0,Analysis,1
0.001726,tcp,http,SH,5,0,335.0,0.0,2896.871378910776,0,0,1552723.059096176,0.0,0,0,0.0,0.0,0.0,0.0,0,0,0,0,0.0,0.0,0.0,67,0,1.0,,50,50,50,50,1,50,0,0,50,50,1,0,Analysis,1
0.002067,tcp,http,SH,5,0,352.0,0.0,2418.964683115627,0,0,1362360.909530721,0.0,0,0,0.0,0.0,0.0,0.0,0,0,0,0,0.0,0.0,0.0,70,0,1.0,,51,51,51,51,1,51,0,0,51,51,1,0,Analysis,1
0.002127,tcp,http,SH,5,0,388.0,0.0,2350.7287259050304,0,0,1459332.393041843,0.0,0,0,0.0,0.0,0.0,0.0,0,0,0,0,0.0,0.0,0.0,77,0,1.0,,52,52,52,52,1,52,0,0,52,52,1,0,Analysis,1
0.00209,tcp,http,SH,5,0,354.0,0.0,2392.344497607656,0,0,1355023.923444976,0.0,0,0,0.0,0.0,0.0,0.0,0,0,0,0,0.0,0.0,0.0,70,0,1.0,,53,53,53,53,1,53,0,0,53,53,1,0,Analysis,1
0.002014,tcp,http,SH,5,0,353.0,0.0,2482.6216484607744,0,0,1402184.7070506453,0.0,0,0,0.0,0.0,0.0,0.0,0,0,0,0,0.0,0.0,0.0,70,0,1.0,,54,54,54,54,1,54,0,0,54,54,1,0,Analysis,1
0.002291,tcp,http,SH,5,0,333.0,0.0,2182.4530772588387,0,0,1162810.9995635094,0.0,0,0,0.0,0.0,0.0,0.0,0,0,0,0,0.0,0.0,0.0,66,0,1.0,,55,55,55,55,1,55,0,0,55,55,1,0,Analysis,1
0.001894,tcp,http,SH,5,0,330.0,0.0,2639.9155227032734,0,0,1393875.3959873284,0.0,0,0,0.0,0.0,0.0,0.0,0,0,0,0,0.0,0.0,0.0,66,0,1.0,,56,56,56,56,1,56,0,0,56,56,1,0,Analysis,1
0.003626,tcp,http,SH,6,0,549.0,0.0,1654.7159404302265,0,0,1211252.0683949257,0.0,0,0,0.0,0.0,0.0,0.0,0,0,0,0,0.0,0.0,0.0,91,0,2.0,,57,57,57,57,1,57,0,0,57,57,1,0,Analysis,1
0.002231,tcp,http,SH,5,0,346.0,0.0,2241.147467503362,0,0,1240699.2380098612,0.0,0,0,0.0,0.0,0.0,0.0,0,0,0,0,0.0,0.0,0.0,69,0,1.0,,58,58,58,58,1,58,0,0,58,58,1,0,Analysis,1
0.002245,tcp,http,SH,5,0,381.0,0.0,2227.1714922049,0,0,1357683.7416481068,0.0,0,0,0.0,0.0,0.0,0.0,0,0,0,0,0.0,0.0,0.0,76,0,1.0,,59,59,59,59,1,59,0,0,59,59,1,0,Analysis,1
0.002204,tcp,http,SH,5,0,369.0,0.0,2268.602540834846,0,0,1339382.940108893,0.0,0,0,0.0,0.0,0.0,0.0,0,0,0,0,0.0,0.0,0.0,73,0,1.0,,60,60,60,60,1,60,0,0,60,60,1,0,Analysis,1
0.002221,tcp,http,SH,5,0,345.0,0.0,2251.23818099955,0,0,1242683.4759117516,0.0,0,0,0.0,0.0,0.0,0.0,0,0,0,0,0.0,0.0,0.0,69,0,1.0,,61,61,61,61,1,61,0,0,61,61,1,0,Analysis,1
0.002244,tcp,http,SH,5,0,362.0,0.0,2228.1639928698755,0,0,1290552.5846702317,0.0,0,0,0.0,0.0,0.0,0.0,0,0,0,0,0.0,0.0,0.0,72,0,1.0,,62,62,62,62,1,62,0,0,62,62,1,0,Analysis,1
0.001872,tcp,http,SH,5,0,398.0,0.0,2670.940170940171,0,0,1700854.700854701,0.0,0,0,0.0,0.0,0.0,0.0,0,0,0,0,0.0,0.0,0.0,79,0,1.0,,63,63,63,63,1,63,0,0,63,63,1,0,Analysis,1
0.001803,tcp,http,SH,5,0,364.0,0.0,2773.1558513588466,0,0,1615085.9678313923,0.0,0,0,0.0,0.0,0.0,0.0,0,0,0,0,0.0,0.0,0.0,72,0,1.0,,64,64,64,64,1,64,0,0,64,64,1,0,Analysis,1
0.001959,tcp,http,SH,5,0,363.0,0.0,2552.3226135783566,0,0,1482388.9739663096,0.0,0,0,0.0,0.0,0.0,0.0,0,0,0,0,0.0,0.0,0.0,72,0,1.0,,65,65,65,65,1,65,0,0,65,65,1,0,Analysis,1
0.002002,tcp,http,SH,5,0,343.0,0.0,2497.5024975024976,0,0,1370629.370629371,0.0,0,0,0.0,0.0,0.0,0.0,0,0,0,0,0.0,0.0,0.0,68,0,1.0,,66,66,66,66,1,66,0,0,66,66,1,0,Analysis,1
0.002058,tcp,http,SH,5,0,340.0,0.0,2429.5432458697765,0,0,1321671.5257531584,0.0,0,0,0.0,0.0,0.0,0.0,0,0,0,0,0.0,0.0,0.0,68,0,1.0,,67,67,67,67,1,67,0,0,67,67,1,0,Analysis,1
0.003671,tcp,http,SH,6,0,569.0,0.0,1634.4320348678834,0,0,1239989.1037864345,0.0,0,0,0.0,0.0,0.0,0.0,0,0,0,0,0.0,0.0,0.0,94,0,2.0,,68,68,68,68,1,68,0,0,68,68,1,0,Analysis,1
0.019194,tcp,http,SH,15,0,2664.0,0.0,781.4942169427947,0,0,1110346.9834323227,0.0,0,0,0.0,0.0,0.0,0.0,0,0,0,0,0.0,0.0,0.0,177,0,5.0,0.0,69,69,69,69,1,69,0,0,69,69,1,0,Analysis,1
0.001833,tcp,http,SH,5,0,371.0,0.0,2727.768685215494,0,0,1619203.491543917,0.0,0,0,0.0,0.0,0.0,0.0,0,0,0,0,0.0,0.0,0.0,74,0,1.0,,70,70,70,70,1,70,0,0,70,70,1,0,Analysis,1
0.002371,tcp,http,SH,5,0,359.0,0.0,2108.814846056516,0,0,1211303.247574863,0.0,0,0,0.0,0.0,0.0,0.0,0,0,0,0,0.0,0.0,0.0,71,0,1.0,,71,71,71,71,1,71,0,0,71,71,1,0,Analysis,1
0.002244,tcp,http,SH,5,0,335.0,0.0,2228.1639928698755,0,0,1194295.9001782532,0.0,0,0,0.0,0.0,0.0,0.0,0,0,0,0,0.0,0.0,0.0,67,0,1.0,,72,72,72,72,1,72,0,0,72,72,1,0,Analysis,1
0.002708,tcp,http,SH,5,0,352.0,0.0,1846.3810930576071,0,0,1039881.8316100443,0.0,0,0,0.0,0.0,0.0,0.0,0,0,0,0,0.0,0.0,0.0,70,0,1.0,,73,73,73,73,1,73,0,0,73,73,1,0,Analysis,1
0.002665,tcp,http,SH,5,0,388.0,0.0,1876.1726078799247,0,0,1164727.9549718574,0.0,0,0,0.0,0.0,0.0,0.0,0,0,0,0,0.0,0.0,0.0,77,0,1.0,,74,74,74,74,1,74,0,0,74,74,1,0,Analysis,1
0.001647,tcp,http,SH,5,0,354.0,0.0,3035.822707953856,0,0,1719489.9817850636,0.0,0,0,0.0,0.0,0.0,0.0,0,0,0,0,0.0,0.0,0.0,70,0,1.0,,75,75,75,75,1,75,0,0,75,75,1,0,Analysis,1
0.002244,tcp,http,SH,5,0,353.0,0.0,2228.1639928698755,0,0,1258467.0231729057,0.0,0,0,0.0,0.0,0.0,0.0,0,0,0,0,0.0,0.0,0.0,70,0,1.0,,76,76,76,76,1,76,0,0,76,76,1,0,Analysis,1
0.00228,tcp,http,SH,5,0,333.0,0.0,2192.982456140351,0,0,1168421.052631579,0.0,0,0,0.0,0.0,0.0,0.0,0,0,0,0,0.0,0.0,0.0,66,0,1.0,,77,77,77,77,1,77,0,0,77,77,1,0,Analysis,1
0.003162,tcp,http,SH,5,0,330.0,0.0,1581.2776723592665,0,0,834914.6110056926,0.0,0,0,0.0,0.0,0.0,0.0,0,0,0,0,0.0,0.0,0.0,66,0,1.0,,78,78,78,78,1,78,0,0,78,78,1,0,Analysis,1
0.002153,tcp,http,SH,5,0,331.0,0.0,2322.3409196470043,0,0,1229911.7510450534,0.0,0,0,0.0,0.0,0.0,0.0,0,0,0,0,0.0,0.0,0.0,66,0,1.0,,79,79,79,79,1,79,0,0,79,79,1,0,Analysis,1
0.147013,tcp,http,SH,81,0,17711.0,0.0,550.9716827763531,0,0,963778.71344711,0.0,0,0,0.0,0.0,0.0,0.0,0,0,0,0,0.0,0.0,0.0,218,0,69.0,0.0,80,80,80,80,1,80,0,0,80,80,1,0,Analysis,1
0.013279,tcp,http,SH,11,0,1723.0,0.0,828.3756306950825,0,0,1038029.9721364562,0.0,0,0,0.0,0.0,0.0,0.0,0,0,0,0,0.0,0.0,0.0,156,0,5.0,0.0,81,81,81,81,1,81,0,0,81,81,1,0,Analysis,1
0.001869,tcp,http,SH,5,0,371.0,0.0,2675.227394328518,0,0,1588014.9812734085,0.0,0,0,0.0,0.0,0.0,0.0,0,0,0,0,0.0,0.0,0.0,74,0,1.0,,82,82,82,82,1,82,0,0,82,82,1,0,Analysis,1
0.002232,tcp,http,SH,5,0,359.0,0.0,2240.1433691756274,0,0,1286738.3512544802,0.0,0,0,0.0,0.0,0.0,0.0,0,0,0,0,0.0,0.0,0.0,71,0,1.0,,83,83,83,83,1,83,0,0,83,83,1,0,Analysis,1
0.001893,tcp,http,SH,5,0,335.0,0.0,2641.310089804543,0,0,1415742.2081352351,0.0,0,0,0.0,0.0,0.0,0.0,0,0,0,0,0.0,0.0,0.0,67,0,1.0,,84,84,84,84,1,84,0,0,84,84,1,0,Analysis,1
0.002202,tcp,http,SH,5,0,352.0,0.0,2270.663033605813,0,0,1278837.420526794,0.0,0,0,0.0,0.0,0.0,0.0,0,0,0,0,0.0,0.0,0.0,70,0,1.0,,85,85,85,85,1,85,0,0,85,85,1,0,Analysis,1
0.001933,tcp,http,SH,5,0,388.0,0.0,2586.652871184687,0,0,1605794.1024314538,0.0,0,0,0.0,0.0,0.0,0.0,0,0,0,0,0.0,0.0,0.0,77,0,1.0,,86,86,86,86,1,86,0,0,86,86,1,0,Analysis,1
0.002232,tcp,http,SH,5,0,348.0,0.0,2240.1433691756274,0,0,1247311.8279569892,0.0,0,0,0.0,0.0,0.0,0.0,0,0,0,0,0.0,0.0,0.0,69,0,1.0,,87,87,87,87,1,87,0,0,87,87,1,0,Analysis,1
0.001957,tcp,http,SH,5,0,339.0,0.0,2554.9310168625448,0,0,1385794.5835462443,0.0,0,0,0.0,0.0,0.0,0.0,0,0,0,0,0.0,0.0,0.0,67,0,1.0,,88,88,88,88,1,88,0,0,88,88,1,0,Analysis,1
0.002316,tcp,http,SH,5,0,353.0,0.0,2158.894645941278,0,0,1219343.696027634,0.0,0,0,0.0,0.0,0.0,0.0,0,0,0,0,0.0,0.0,0.0,70,0,1.0,,89,89,89,89,1,89,0,0,89,89,1,0,Analysis,1
0.002094,tcp,http,SH,5,0,333.0,0.0,2387.7745940783198,0,0,1272206.3037249283,0.0,0,0,0.0,0.0,0.0,0.0,0,0,0,0,0.0,0.0,0.0,66,0,1.0,,90,90,90,90,1,90,0,0,90,90,1,0,Analysis,1
0.002219,tcp,http,SH,5,0,330.0,0.0,2253.267237494367,0,0,1189725.1013970256,0.0,0,0,0.0,0.0,0.0,0.0,0,0,0,0,0.0,0.0,0.0,66,0,1.0,,91,91,91,91,1,91,0,0,91,91,1,0,Analysis,1
0.002029,tcp,http,SH,5,0,331.0,0.0,2464.268112370626,0,0,1305076.3923114834,0.0,0,0,0.0,0.0,0.0,0.0,0,0,0,0,0.0,0.0,0.0,66,0,1.0,,92,92,92,92,1,92,0,0,92,92,1,0,Analysis,1
0.15076,tcp,http,SH,90,0,18664.0,0.0,596.9753250198992,0,0,990395.3303263464,0.0,0,0,0.0,0.0,0.0,0.0,0,0,0,0,0.0,0.0,0.0,207,0,80.0,0.0,93,93,93,93,1,93,0,0,93,93,1,0,Analysis,1
2.969582,udp,,S0,4,0,680.0,0.0,1.3469909233016633,0,0,1831.907655690262,0.0,0,0,0.0,0.0,0.0,0.0,0,0,0,0,0.0,0.0,0.0,170,0,,,1,1,1,1,1,1,0,0,93,1,1,0,Analysis,1
0.002151,tcp,http,SH,5,0,234.0,0.0,2324.5002324500238,0,0,870292.8870292887,0.0,0,0,0.0,0.0,0.0,0.0,0,0,0,0,0.0,0.0,0.0,46,0,1.0,0.0,94,94,94,94,1,94,0,0,94,94,1,0,Analysis,1
0.184616,tcp,http,SH,105,0,22208.0,0.0,568.7481041729861,0,0,962343.4588551372,0.0,0,0,0.0,0.0,0.0,0.0,0,0,0,0,0.0,0.0,0.0,211,0,80.0,0.0,95,95,95,95,1,95,0,0,95,95,1,0,Analysis,1
0.168306,tcp,http,SH,105,0,22001.0,0.0,623.8636768742647,0,0,1045761.886088434,0.0,0,0,0.0,0.0,0.0,0.0,0,0,0,0,0.0,0.0,0.0,209,0,80.0,0.0,96,96,96,96,1,96,0,0,96,96,1,0,Analysis,1
0.183152,tcp,http,SH,106,0,25115.0,0.0,578.7542587577531,0,0,1097012.317637809,0.0,0,0,0.0,0.0,0.0,0.0,0,0,0,0,0.0,0.0,0.0,236,0,80.0,0.0,97,97,97,97,1,97,0,0,97,97,1,0,Analysis,1
0.182409,tcp,http,SH,106,0,24341.0,0.0,581.1116776036271,0,0,1067535.0448716895,0.0,0,0,0.0,0.0,0.0,0.0,0,0,0,0,0.0,0.0,0.0,229,0,80.0,0.0,98,98,98,98,1,98,0,0,98,98,1,0,Analysis,1
0.169867,tcp,http,SH,105,0,26416.0,0.0,618.1306551596249,0,0,1244079.191367364,0.0,0,0,0.0,0.0,0.0,0.0,0,0,0,0,0.0,0.0,0.0,251,0,80.0,0.0,99,99,99,99,1,99,0,0,99,99,1,0,Analysis,1
0.18751,tcp,http,SH,107,0,27524.0,0.0,570.6362327342541,0,0,1174294.704282438,0.0,0,0,0.0,0.0,0.0,0.0,0,0,0,0,0.0,0.0,0.0,257,0,80.0,0.0,99,100,99,99,1,99,0,0,99,99,1,0,Analysis,1
0.188675,tcp,http,SH,105,0,22644.0,0.0,556.5125215317345,0,0,960127.2028620644,0.0,0,0,0.0,0.0,0.0,0.0,0,0,0,0,0.0,0.0,0.0,215,0,80.0,0.0,99,100,99,99,1,99,0,0,99,99,1,0,Analysis,1
0.169548,tcp,http,SH,105,0,24861.0,0.0,619.2936513553684,0,0,1173048.3402930144,0.0,0,0,0.0,0.0,0.0,0.0,0,0,0,0,0.0,0.0,0.0,236,0,80.0,0.0,99,100,99,99,1,99,0,0,99,99,1,0,Analysis,1
0.173141,tcp,http,SH,105,0,20671.0,0.0,606.4421483068713,0,0,955105.9541067684,0.0,0,0,0.0,0.0,0.0,0.0,0,0,0,0,0.0,0.0,0.0,196,0,80.0,0.0,99,100,99,99,1,99,0,0,99,99,1,0,Analysis,1
0.170692,tcp,http,SH,105,0,20402.0,0.0,615.1430647013334,0,0,956201.813793265,0.0,0,0,0.0,0.0,0.0,0.0,0,0,0,0,0.0,0.0,0.0,194,0,80.0,0.0,99,100,99,99,1,99,0,0,99,99,1,0,Analysis,1
0.165851,tcp,http,SH,105,0,24240.0,0.0,633.0983834887942,0,0,1169242.2716775902,0.0,0,0,0.0,0.0,0.0,0.0,0,0,0,0,0.0,0.0,0.0,230,0,80.0,0.0,99,100,99,99,1,99,0,0,99,99,1,0,Analysis,1
0.185062,tcp,http,SH,105,0,30012.0,0.0,567.3774194594243,0,0,1297381.418119333,0.0,0,0,0.0,0.0,0.0,0.0,0,0,0,0,0.0,0.0,0.0,285,0,80.0,0.0,99,100,99,99,1,99,0,0,99,99,1,0,Analysis,1
0.18002,tcp,http,SH,109,0,27191.0,0.0,605.4882790801022,0,0,1208354.6272636373,0.0,0,0,0.0,0.0,0.0,0.0,0,0,0,0,0.0,0.0,0.0,249,0,80.0,0.0,99,100,99,99,1,99,0,0,99,99,1,0,Analysis,1
0.182168,tcp,http,SH,105,0,29829.0,0.0,576.391023670458,0,0,1309955.645338369,0.0,0,0,0.0,0.0,0.0,0.0,0,0,0,0,0.0,0.0,0.0,284,0,80.0,0.0,99,100,99,99,1,99,0,0,99,99,1,0,Analysis,1
0.185477,tcp,http,SH,105,0,28153.0,0.0,566.107927128431,0,0,1214296.1121864163,0.0,0,0,0.0,0.0,0.0,0.0,0,0,0,0,0.0,0.0,0.0,268,0,80.0,0.0,99,100,99,99,1,99,0,0,99,99,1,0,Analysis,1
0.183184,tcp,http,SH,105,0,27032.0,0.0,573.1941654292951,0,0,1180539.7851340726,0.0,0,0,0.0,0.0,0.0,0.0,0,0,0,0,0.0,0.0,0.0,257,0,80.0,0.0,99,100,99,99,1,99,0,0,99,99,1,0,Analysis,1
0.185764,tcp,http,SH,105,0,27600.0,0.0,565.2333067763399,0,0,1188604.896535389,0.0,0,0,0.0,0.0,0.0,0.0,0,0,0,0,0.0,0.0,0.0,262,0,80.0,0.0,99,100,99,99,1,99,0,0,99,99,1,0,Analysis,1
0.179052,tcp,http,SH,105,0,27373.0,0.0,586.421821593727,0,0,1223019.0112369591,0.0,0,0,0.0,0.0,0.0,0.0,0,0,0,0,0.0,0.0,0.0,260,0,80.0,0.0,99,100,99,99,1,99,0,0,99,99,1,0,Analysis,1
0.178736,tcp,http,SH,105,0,27265.0,0.0,587.4585981559395,0,0,1220347.3279026048,0.0,0,0,0.0,0.0,0.0,0.0,0,0,0,0,0.0,0.0,0.0,259,0,80.0,0.0,99,100,99,99,1,99,0,0,99,99,1,0,Analysis,1
0.173567,tcp,http,SH,105,0,30424.0,0.0,604.9537066377825,0,0,1402294.2149141254,0.0,0,0,0.0,0.0,0.0,0.0,0,0,0,0,0.0,0.0,0.0,289,0,80.0,0.0,99,100,99,99,1,99,0,0,99,99,1,0,Analysis,1
0.181552,tcp,http,SH,105,0,26584.0,0.0,578.3466995681679,0,0,1171410.945624394,0.0,0,0,0.0,0.0,0.0,0.0,0,0,0,0,0.0,0.0,0.0,253,0,80.0,0.0,99,100,99,99,1,99,0,0,99,99,1,0,Analysis,1
0.173016,tcp,http,SH,105,0,26613.0,0.0,606.8802885282286,0,0,1230545.1518934665,0.0,0,0,0.0,0.0,0.0,0.0,0,0,0,0,0.0,0.0,0.0,253,0,80.0,0.0,99,100,99,99,1,99,0,0,99,99,1,0,Analysis,1
0.177701,tcp,http,SH,105,0,27377.0,0.0,590.8801863804931,0,0,1232497.2847648575,0.0,0,0,0.0,0.0,0.0,0.0,0,0,0,0,0.0,0.0,0.0,260,0,80.0,0.0,99,100,99,99,1,99,0,0,99,99,1,0,Analysis,1
0.218497,tcp,http,SH,105,0,25779.0,0.0,480.55579710476576,0,0,943866.506176286,0.0,0,0,0.0,0.0,0.0,0.0,0,0,0,0,0.0,0.0,0.0,245,0,80.0,0.0,99,100,99,99,1,99,0,0,99,99,1,0,Analysis,1
0.194034,tcp,http,SH,105,0,26306.0,0.0,541.1422740344475,0,0,1084593.421771442,0.0,0,0,0.0,0.0,0.0,0.0,0,0,0,0,0.0,0.0,0.0,250,0,80.0,0.0,99,100,99,99,1,99,0,0,99,99,1,0,Analysis,1
0.205184,tcp,http,SH,111,0,26566.0,0.0,540.9778540237055,0,0,1035792.2645040548,0.0,0,0,0.0,0.0,0.0,0.0,0,0,0,0,0.0,0.0,0.0,239,0,80.0,0.0,99,100,99,99,1,99,0,0,99,99,1,0,Analysis,1
0.185382,tcp,http,SH,105,0,27782.0,0.0,566.3980321714082,0,0,1198908.2003646526,0.0,0,0,0.0,0.0,0.0,0.0,0,0,0,0,0.0,0.0,0.0,264,0,80.0,0.0,99,100,99,99,1,99,0,0,99,99,1,0,Analysis,1
0.189301,tcp,http,SH,105,0,27643.0,0.0,554.6721887364567,0,0,1168213.5857708096,0.0,0,0,0.0,0.0,0.0,0.0,0,0,0,0,0.0,0.0,0.0,263,0,80.0,0.0,99,100,99,99,1,99,0,0,99,99,1,0,Analysis,1
0.194605,tcp,http,SH,105,0,28018.0,0.0,539.5544821561625,0,0,1151789.522365818,0.0,0,0,0.0,0.0,0.0,0.0,0,0,0,0,0.0,0.0,0.0,266,0,80.0,0.0,99,100,99,99,1,99,0,0,99,99,1,0,Analysis,1
0.182183,tcp,http,SH,105,0,27331.0,0.0,576.3435666335497,0,0,1200155.8872123084,0.0,0,0,0.0,0.0,0.0,0.0,0,0,0,0,0.0,0.0,0.0,260,0,80.0,0.0,99,100,99,99,1,99,0,0,99,99,1,0,Analysis,1
0.175254,tcp,http,SH,105,0,26850.0,0.0,599.1304050121538,0,0,1225649.628539149,0.0,0,0,0.0,0.0,0.0,0.0,0,0,0,0,0.0,0.0,0.0,255,0,80.0,0.0,99,100,99,99,1,99,0,0,99,99,1,0,Analysis,1
0.178893,tcp,http,SH,105,0,27449.0,0.0,586.9430329861984,0,0,1227504.709519098,0.0,0,0,0.0,0.0,0.0,0.0,0,0,0,0,0.0,0.0,0.0,261,0,80.0,0.0,99,100,99,99,1,99,0,0,99,99,1,0,Analysis,1
0.194345,tcp,http,SH,105,0,27200.0,0.0,540.2763127428028,0,0,1119658.339550799,0.0,0,0,0.0,0.0,0.0,0.0,0,0,0,0,0.0,0.0,0.0,259,0,80.0,0.0,99,100,99,99,1,99,0,0,99,99,1,0,Analysis,1
0.182161,tcp,http,SH,105,0,29133.0,0.0,576.4131729623795,0,0,1279439.6166028953,0.0,0,0,0.0,0.0,0.0,0.0,0,0,0,0,0.0,0.0,0.0,277,0,80.0,0.0,99,100,99,99,1,99,0,0,99,99,1,0,Analysis,1
0.176856,tcp,http,SH,105,0,26900.0,0.0,593.7033518794951,0,0,1216809.1554711177,0.0,0,0,0.0,0.0,0.0,0.0,0,0,0,0,0.0,0.0,0.0,256,0,80.0,0.0,99,100,99,99,1,99,0,0,99,99,1,0,Analysis,1
0.165607,tcp,http,SH,105,0,21629.0,0.0,634.0311701800044,0,0,1044835.0613198716,0.0,0,0,0.0,0.0,0.0,0.0,0,0,0,0,0.0,0.0,0.0,205,0,80.0,0.0,99,100,99,99,1,99,0,0,99,99,1,0,Analysis,1
0.179123,tcp,http,SH,106,0,21369.0,0.0,591.7721342317849,0,0,954383.3008603026,0.0,0,0,0.0,0.0,0.0,0.0,0,0,0,0,0.0,0.0,0.0,201,0,80.0,0.0,99,100,99,99,1,99,0,0,99,99,1,0,Analysis,1
0.052467,tcp,http,SH,35,0,6583.0,0.0,667.0859778527455,0,0,1003754.7410753426,0.0,0,0,0.0,0.0,0.0,0.0,0,0,0,0,0.0,0.0,0.0,188,0,10.0,0.0,99,100,99,99,1,99,0,0,99,99,1,0,Analysis,1
0.002272,tcp,,SH,5,0,241.0,0.0,2200.7042253521126,0,0,848591.5492957745,0.0,0,0,0.0,0.0,0.0,0.0,0,0,0,0,0.0,0.0,0.0,48,0,,,99,100,99,99,1,99,0,0,98,99,1,0,Analysis,1
0.160433,tcp,http,SH,105,0,23499.0,0.0,654.4788167022995,0,0,1171778.8734237968,0.0,0,0,0.0,0.0,0.0,0.0,0,0,0,0,0.0,0.0,0.0,223,0,80.0,0.0,99,100,99,99,1,99,0,0,98,99,1,0,Analysis,1
0.146331,tcp,http,SH,88,0,19262.0,0.0,601.3763317410528,0,0,1053064.6274541963,0.0,0,0,0.0,0.0,0.0,0.0,0,0,0,0,0.0,0.0,0.0,218,0,80.0,0.0,99,100,99,99,1,99,0,0,98,99,1,0,Analysis,1
0.002616,tcp,http,SH,5,0,249.0,0.0,1911.3149847094803,0,0,761467.8899082569,0.0,0,0,0.0,0.0,0.0,0.0,0,0,0,0,0.0,0.0,0.0,49,0,1.0,0.0,99,100,99,99,1,99,0,0,98,99,1,0,Analysis,1
0.034392,tcp,http,SH,31,1,3605.0,15542.0,930.448941614329,0,0,838567.108629914,3615259.362642475,0,0,0.0,0.0,0.0,0.0,0,0,0,0,0.0,0.0,0.0,116,15542,5.0,0.0,99,100,99,99,1,99,0,0,98,99,1,0,Analysis,1
0.178967,tcp,http,SH,106,0,23090.0,0.0,592.2879637028055,0,0,1032145.591086625,0.0,0,0,0.0,0.0,0.0,0.0,0,0,0,0,0.0,0.0,0.0,217,0,80.0,0.0,99,100,99,99,1,99,0,0,98,99,1,0,Analysis,1
0.168031,tcp,http,SH,105,0,23225.0,0.0,624.8846938957691,0,0,1105748.344055561,0.0,0,0,0.0,0.0,0.0,0.0,0,0,0,0,0.0,0.0,0.0,221,0,80.0,0.0,99,100,99,99,1,99,0,0,98,99,1,0,Analysis,1
0.188369,tcp,http,SH,105,0,23173.0,0.0,557.4165600496897,0,0,984153.4435071588,0.0,0,0,0.0,0.0,0.0,0.0,0,0,0,0,0.0,0.0,0.0,220,0,80.0,0.0,99,100,99,99,1,99,0,0,98,99,1,0,Analysis,1
0.169069,tcp,http,SH,105,0,30452.0,0.0,621.0482110854149,0,0,1440926.4856360422,0.0,0,0,0.0,0.0,0.0,0.0,0,0,0,0,0.0,0.0,0.0,290,0,80.0,0.0,99,100,99,99,1,99,0,0,98,99,1,0,Analysis,1
0.169408,tcp,http,SH,105,0,23555.0,0.0,619.8054401208916,0,0,1112344.1632036266,0.0,0,0,0.0,0.0,0.0,0.0,0,0,0,0,0.0,0.0,0.0,224,0,80.0,0.0,99,100,99,99,1,99,0,0,98,99,1,0,Analysis,1
0.18497,tcp,http,SH,105,0,22329.0,0.0,567.6596204789967,0,0,965734.984051468,0.0,0,0,0.0,0.0,0.0,0.0,0,0,0,0,0.0,0.0,0.0,212,0,80.0,0.0,99,100,99,99,1,99,0,0,98,99,1,0,Analysis,1
0.169007,tcp,http,SH,105,0,35571.0,0.0,621.276041820753,0,0,1683764.5777985528,0.0,0,0,0.0,0.0,0.0,0.0,0,0,0,0,0.0,0.0,0.0,338,0,80.0,0.0,99,100,99,99,1,99,0,0,98,99,1,0,Analysis,1
0.116583,tcp,http,SH,74,0,17230.0,0.0,634.740914198468,0,0,1182333.616393471,0.0,0,0,0.0,0.0,0.0,0.0,0,0,0,0,0.0,0.0,0.0,232,0,69.0,0.0,99,100,99,99,1,99,0,0,98,99,1,0,Analysis,1
0.175268,tcp,http,SH,108,0,25483.0,0.0,616.1991920943925,0,0,1163155.8527512152,0.0,0,0,0.0,0.0,0.0,0.0,0,0,0,0,0.0,0.0,0.0,235,0,80.0,0.0,99,100,99,99,1,99,0,0,98,99,1,0,Analysis,1
0.174428,tcp,http,SH,105,0,24150.0,0.0,601.9675740133465,0,0,1107620.3361845575,0.0,0,0,0.0,0.0,0.0,0.0,0,0,0,0,0.0,0.0,0.0,230,0,80.0,0.0,99,100,99,99,1,99,0,0,98,99,1,0,Analysis,1
0.178267,tcp,http,SH,105,0,22997.0,0.0,589.0041342480661,0,0,1032024.9962135447,0.0,0,0,0.0,0.0,0.0,0.0,0,0,0,0,0.0,0.0,0.0,219,0,80.0,0.0,99,100,99,99,1,99,0,0,98,99,1,0,Analysis,1
0.14837,tcp,http,SH,82,0,17449.0,0.0,552.6723731212509,0,0,940837.096448069,0.0,0,0,0.0,0.0,0.0,0.0,0,0,0,0,0.0,0.0,0.0,212,0,69.0,0.0,99,100,99,99,1,99,0,0,98,99,1,0,Analysis,1
0.001884,tcp,http,SH,5,0,224.0,0.0,2653.927813163482,0,0,951167.728237792,0.0,0,0,0.0,0.0,0.0,0.0,0,0,0,0,0.0,0.0,0.0,44,0,1.0,,99,100,99,99,1,99,0,0,98,99,1,0,Analysis,1
0.021045,tcp,http,SH,17,0,3000.0,0.0,807.7928248990258,0,0,1140413.3998574482,0.0,0,0,0.0,0.0,0.0,0.0,0,0,0,0,0.0,0.0,0.0,176,0,5.0,0.0,99,100,99,99,1,99,0,0,98,99,1,0,Analysis,1
0.005782,tcp,http,SH,7,0,736.0,0.0,1210.6537530266344,0,0,1018332.7568315462,0.0,0,0,0.0,0.0,0.0,0.0,0,0,0,0,0.0,0.0,0.0,105,0,2.0,0.0,99,100,99,99,1,99,0,0,98,99,1,0,Analysis,1
0.081288,tcp,http,SH,59,0,9708.0,0.0,725.8143883476035,0,0,955417.7738411572,0.0,0,0,0.0,0.0,0.0,0.0,0,0,0,0,0.0,0.0,0.0,164,0,10.0,0.0,99,100,99,99,1,99,0,0,98,99,1,0,Analysis,1
2.274579,tcp,http,SH,14,0,2227.0,0.0,6.154985164287544,0,0,7832.65826335335,0.0,0,0,0.0,0.0,0.0,0.0,0,0,0,0,0.0,0.0,0.0,159,0,5.0,0.0,99,100,99,99,1,99,0,0,98,99,1,0,Analysis,1
5.994549,udp,,S0,3,0,408.0,0.0,0.5004546630613913,0,0,544.4946734107937,0.0,0,0,0.0,0.0,0.0,0.0,0,0,0,0,0.0,0.0,0.0,136,0,,,1,2,1,1,1,1,0,0,97,1,1,0,Analysis,1
0.0,udp,,S0,1,0,0.0,0.0,0.0,0,0,0.0,0.0,0,0,0.0,0.0,0.0,0.0,0,0,0,0,0.0,0.0,0.0,0,0,,,1,3,1,1,1,1,0,0,96,1,1,0,Analysis,1
0.15736,tcp,http,SH,92,0,18628.0,0.0,584.6466700559228,0,0,947025.927808846,0.0,0,0,0.0,0.0,0.0,0.0,0,0,0,0,0.0,0.0,0.0,202,0,80.0,0.0,97,100,97,97,1,97,0,0,96,97,1,0,Analysis,1
0.156569,tcp,http,SH,105,0,21478.0,0.0,670.630840076899,0,0,1097433.0806226009,0.0,0,0,0.0,0.0,0.0,0.0,0,0,0,0,0.0,0.0,0.0,204,0,80.0,0.0,97,100,97,97,1,97,0,0,96,97,1,0,Analysis,1
0.162988,tcp,http,SH,105,0,20869.0,0.0,644.2192063219378,0,0,1024320.8088939064,0.0,0,0,0.0,0.0,0.0,0.0,0,0,0,0,0.0,0.0,0.0,198,0,80.0,0.0,97,100,97,97,1,97,0,0,96,97,1,0,Analysis,1
0.005367,tcp,http,SH,7,0,593.0,0.0,1304.2668157257312,0,0,883920.2534004098,0.0,0,0,0.0,0.0,0.0,0.0,0,0,0,0,0.0,0.0,0.0,84,0,2.0,0.0,97,100,97,97,1,97,0,0,96,97,1,0,Analysis,1
0.162099,tcp,http,SH,106,0,21350.0,0.0,653.9213690399077,0,0,1053677.0738869456,0.0,0,0,0.0,0.0,0.0,0.0,0,0,0,0,0.0,0.0,0.0,201,0,80.0,0.0,97,100,97,97,1,97,0,0,96,97,1,0,Analysis,1
0.164905,tcp,http,SH,105,0,21357.0,0.0,636.730238622237,0,0,1036087.4442861042,0.0,0,0,0.0,0.0,0.0,0.0,0,0,0,0,0.0,0.0,0.0,203,0,80.0,0.0,97,100,97,97,1,97,0,0,96,97,1,0,Analysis,1
0.184665,tcp,http,SH,105,0,21359.0,0.0,568.5971895053204,0,0,925307.9901443154,0.0,0,0,0.0,0.0,0.0,0.0,0,0,0,0,0.0,0.0,0.0,203,0,80.0,0.0,97,100,97,97,1,97,0,0,96,97,1,0,Analysis,1
0.16661,tcp,http,SH,105,0,21283.0,0.0,630.2142728527699,0,0,1021931.4566952764,0.0,0,0,0.0,0.0,0.0,0.0,0,0,0,0,0.0,0.0,0.0,202,0,80.0,0.0,97,100,97,97,1,97,0,0,96,97,1,0,Analysis,1
0.102642,tcp,http,SH,65,0,12936.0,0.0,633.2690321700669,0,0,1008242.2400187058,0.0,0,0,0.0,0.0,0.0,0.0,0,0,0,0,0.0,0.0,0.0,199,0,55.0,0.0,97,100,97,97,1,97,0,0,96,97,1,0,Analysis,1
0.049844,tcp,http,SH,31,0,5633.0,0.0,621.9404542171576,0,0,904100.7944787738,0.0,0,0,0.0,0.0,0.0,0.0,0,0,0,0,0.0,0.0,0.0,181,0,5.0,0.0,97,100,97,97,1,97,0,0,96,97,1,0,Analysis,1
0.127855,tcp,http,SH,76,0,16328.0,0.0,594.423370224082,0,0,1021657.3462125064,0.0,0,0,0.0,0.0,0.0,0.0,0,0,0,0,0.0,0.0,0.0,214,0,69.0,0.0,97,100,97,97,1,97,0,0,96,97,1,0,Analysis,1
0.172956,tcp,http,SH,105,0,22508.0,0.0,607.0908207867897,0,0,1041097.1576585952,0.0,0,0,0.0,0.0,0.0,0.0,0,0,0,0,0.0,0.0,0.0,214,0,80.0,0.0,97,100,97,97,1,97,0,0,96,97,1,0,Analysis,1
0.05183,tcp,http,SH,34,0,6626.0,0.0,655.9907389542735,0,0,1022728.1497202392,0.0,0,0,0.0,0.0,0.0,0.0,0,0,0,0,0.0,0.0,0.0,194,0,10.0,0.0,97,100,97,97,1,97,0,0,96,97,1,0,Analysis,1
0.175087,tcp,http,SH,105,0,22524.0,0.0,599.7018625026416,0,0,1029156.9334102476,0.0,0,0,0.0,0.0,0.0,0.0,0,0,0,0,0.0,0.0,0.0,214,0,80.0,0.0,97,100,97,97,1,97,0,0,96,97,1,0,Analysis,1
0.183712,tcp,http,SH,105,0,22660.0,0.0,571.5467688556001,0,0,986761.8881727924,0.0,0,0,0.0,0.0,0.0,0.0,0,0,0,0,0.0,0.0,0.0,215,0,80.0,0.0,97,100,97,97,1,97,0,0,96,97,1,0,Analysis,1
0.069275,tcp,http,SH,42,0,7956.0,0.0,606.2793215445687,0,0,918773.0061349692,0.0,0,0,0.0,0.0,0.0,0.0,0,0,0,0,0.0,0.0,0.0,189,0,10.0,0.0,97,100,97,97,1,97,0,0,96,97,1,0,Analysis,1
0.077473,tcp,http,SH,49,0,11366.0,0.0,632.4784118338001,0,0,1173673.4088004853,0.0,0,0,0.0,0.0,0.0,0.0,0,0,0,0,0.0,0.0,0.0,231,0,10.0,0.0,97,100,97,97,1,97,0,0,96,97,1,0,Analysis,1
0.002252,tcp,http,SH,5,0,229.0,0.0,2220.2486678507994,0,0,813499.1119005329,0.0,0,0,0.0,0.0,0.0,0.0,0,0,0,0,0.0,0.0,0.0,45,0,1.0,0.0,97,100,97,97,1,97,0,0,96,97,1,0,Analysis,1
0.024428,tcp,http,SH,20,0,4108.0,0.0,818.732601932209,0,0,1345341.4114950057,0.0,0,0,0.0,0.0,0.0,0.0,0,0,0,0,0.0,0.0,0.0,205,0,5.0,0.0,97,100,97,97,1,97,0,0,96,97,1,0,Analysis,1
0.065411,tcp,http,SH,41,0,9647.0,0.0,626.8058889177662,0,0,1179862.7142223786,0.0,0,0,0.0,0.0,0.0,0.0,0,0,0,0,0.0,0.0,0.0,235,0,10.0,0.0,97,100,97,97,1,97,0,0,96,97,1,0,Analysis,1
0.006291,tcp,http,SH,8,0,926.0,0.0,1271.6579240184392,0,0,1177555.2376410747,0.0,0,0,0.0,0.0,0.0,0.0,0,0,0,0,0.0,0.0,0.0,115,0,2.0,0.0,97,100,97,97,1,97,0,0,96,97,1,0,Analysis,1
0.002277,tcp,http,SH,5,0,258.0,0.0,2195.8717610891526,0,0,906455.8629776022,0.0,0,0,0.0,0.0,0.0,0.0,0,0,0,0,0.0,0.0,0.0,51,0,1.0,0.0,97,100,97,97,1,97,0,0,96,97,1,0,Analysis,1
0.172219,tcp,http,SH,105,0,27672.0,0.0,609.6888264361074,0,0,1285433.0822963784,0.0,0,0,0.0,0.0,0.0,0.0,0,0,0,0,0.0,0.0,0.0,263,0,80.0,0.0,97,100,97,97,1,97,0,0,96,97,1,0,Analysis,1
0.177996,tcp,http,SH,105,0,28691.0,0.0,589.900896649363,0,0,1289512.1238679525,0.0,0,0,0.0,0.0,0.0,0.0,0,0,0,0,0.0,0.0,0.0,273,0,80.0,0.0,97,100,97,97,1,97,0,0,96,97,1,0,Analysis,1
0.192752,tcp,http,SH,106,0,23548.0,0.0,549.9294430148584,0,0,977338.7565368972,0.0,0,0,0.0,0.0,0.0,0.0,0,0,0,0,0.0,0.0,0.0,222,0,80.0,0.0,97,100,97,97,1,97,0,0,96,97,1,0,Analysis,1
0.182044,tcp,http,SH,105,0,24362.0,0.0,576.7836347256707,0,0,1070598.316890422,0.0,0,0,0.0,0.0,0.0,0.0,0,0,0,0,0.0,0.0,0.0,232,0,80.0,0.0,97,100,97,97,1,97,0,0,96,97,1,0,Analysis,1
0.036057,tcp,http,SH,22,0,4189.0,0.0,610.1450481182573,0,0,929417.311479047,0.0,0,0,0.0,0.0,0.0,0.0,0,0,0,0,0.0,0.0,0.0,190,0,5.0,0.0,97,100,97,97,1,97,0,0,96,97,1,0,Analysis,1
0.183105,tcp,http,SH,105,0,22455.0,0.0,573.4414680101581,0,0,981076.4315556647,0.0,0,0,0.0,0.0,0.0,0.0,0,0,0,0,0.0,0.0,0.0,213,0,80.0,0.0,97,100,97,97,1,97,0,0,96,97,1,0,Analysis,1
0.176415,tcp,http,SH,105,0,32906.0,0.0,595.1874840574782,0,0,1492208.7124110763,0.0,0,0,0.0,0.0,0.0,0.0,0,0,0,0,0.0,0.0,0.0,313,0,80.0,0.0,97,100,97,97,1,97,0,0,96,97,1,0,Analysis,1
0.108732,tcp,http,SH,53,0,10976.0,0.0,487.43700106684327,0,0,807563.5507486297,0.0,0,0,0.0,0.0,0.0,0.0,0,0,0,0,0.0,0.0,0.0,207,0,10.0,0.0,97,100,97,97,1,97,0,0,96,97,1,0,Analysis,1
0.002529,tcp,http,SH,5,0,238.0,0.0,1977.066034005536,0,0,752866.745749308,0.0,0,0,0.0,0.0,0.0,0.0,0,0,0,0,0.0,0.0,0.0,47,0,1.0,0.0,97,100,97,97,1,97,0,0,96,97,1,0,Analysis,1
0.187024,tcp,http,SH,105,0,21617.0,0.0,561.4252716228933,0,0,924672.769270254,0.0,0,0,0.0,0.0,0.0,0.0,0,0,0,0,0.0,0.0,0.0,205,0,80.0,0.0,97,100,97,97,1,97,0,0,96,97,1,0,Analysis,1
0.174589,tcp,http,SH,106,0,21026.0,0.0,607.1401978360607,0,0,963451.3056378122,0.0,0,0,0.0,0.0,0.0,0.0,0,0,0,0,0.0,0.0,0.0,198,0,80.0,0.0,97,100,97,97,1,97,0,0,96,97,1,0,Analysis,1
0.190866,tcp,http,SH,105,0,21194.0,0.0,550.1241708842853,0,0,888330.032588308,0.0,0,0,0.0,0.0,0.0,0.0,0,0,0,0,0.0,0.0,0.0,201,0,80.0,0.0,97,100,97,97,1,97,0,0,96,97,1,0,Analysis,1
0.171224,tcp,http,SH,105,0,20894.0,0.0,613.2317899359904,0,0,976218.2871560062,0.0,0,0,0.0,0.0,0.0,0.0,0,0,0,0,0.0,0.0,0.0,198,0,80.0,0.0,97,100,97,97,1,97,0,0,96,97,1,0,Analysis,1
0.173655,tcp,http,SH,105,0,21517.0,0.0,604.647145201693,0,0,991252.7712994156,0.0,0,0,0.0,0.0,0.0,0.0,0,0,0,0,0.0,0.0,0.0,204,0,80.0,0.0,97,100,97,97,1,97,0,0,96,97,1,0,Analysis,1
0.163133,tcp,http,SH,100,0,21913.0,0.0,612.9967572471542,0,0,1074607.8353245512,0.0,0,0,0.0,0.0,0.0,0.0,0,0,0,0,0.0,0.0,0.0,219,0,80.0,0.0,98,100,98,98,1,98,0,0,97,98,1,0,Analysis,1
0.002318,tcp,http,SH,5,0,355.0,0.0,2157.031924072476,0,0,1225194.1328731664,0.0,0,0,0.0,0.0,0.0,0.0,0,0,0,0,0.0,0.0,0.0,71,0,1.0,,98,100,98,98,1,98,0,0,97,98,1,0,Analysis,1
0.002397,tcp,http,SH,5,0,329.0,0.0,2085.9407592824364,0,0,1098039.2156862747,0.0,0,0,0.0,0.0,0.0,0.0,0,0,0,0,0.0,0.0,0.0,65,0,1.0,,98,100,98,98,1,98,0,0,97,98,1,0,Analysis,1
0.002009,tcp,http,SH,5,0,331.0,0.0,2488.800398208064,0,0,1318068.690890991,0.0,0,0,0.0,0.0,0.0,0.0,0,0,0,0,0.0,0.0,0.0,66,0,1.0,,98,100,98,98,1,98,0,0,97,98,1,0,Analysis,1
0.002206,tcp,http,SH,5,0,384.0,0.0,2266.545784224841,0,0,1392565.7298277426,0.0,0,0,0.0,0.0,0.0,0.0,0,0,0,0,0.0,0.0,0.0,76,0,1.0,,98,100,98,98,1,98,0,0,97,98,1,0,Analysis,1
0.001852,tcp,http,SH,5,0,344.0,0.0,2699.7840172786177,0,0,1485961.1231101512,0.0,0,0,0.0,0.0,0.0,0.0,0,0,0,0,0.0,0.0,0.0,68,0,1.0,,98,100,98,98,1,98,0,0,97,98,1,0,Analysis,1
0.002117,tcp,http,SH,5,0,335.0,0.0,2361.832782239017,0,0,1265942.3712801137,0.0,0,0,0.0,0.0,0.0,0.0,0,0,0,0,0.0,0.0,0.0,67,0,1.0,,98,100,98,98,1,98,0,0,97,98,1,0,Analysis,1
0.002234,tcp,http,SH,5,0,349.0,0.0,2238.1378692927487,0,0,1249776.1862130708,0.0,0,0,0.0,0.0,0.0,0.0,0,0,0,0,0.0,0.0,0.0,69,0,1.0,,98,100,98,98,1,98,0,0,97,98,1,0,Analysis,1
0.002053,tcp,http,SH,5,0,329.0,0.0,2435.4603019970773,0,0,1282026.3029712616,0.0,0,0,0.0,0.0,0.0,0.0,0,0,0,0,0.0,0.0,0.0,65,0,1.0,,98,100,98,98,1,98,0,0,97,98,1,0,Analysis,1
0.002611,tcp,http,SH,5,0,326.0,0.0,1914.9751053236307,0,0,998851.0149368058,0.0,0,0,0.0,0.0,0.0,0.0,0,0,0,0,0.0,0.0,0.0,65,0,1.0,,98,100,98,98,1,98,0,0,97,98,1,0,Analysis,1
0.00173,tcp,http,SH,5,0,327.0,0.0,2890.1734104046245,0,0,1512138.7283236994,0.0,0,0,0.0,0.0,0.0,0.0,0,0,0,0,0.0,0.0,0.0,65,0,1.0,,98,100,98,98,1,98,0,0,97,98,1,0,Analysis,1
0.101149,tcp,http,SH,66,0,19343.0,0.0,652.5027434774441,0,0,1529861.8869192973,0.0,0,0,0.0,0.0,0.0,0.0,0,0,0,0,0.0,0.0,0.0,293,0,55.0,0.0,98,100,98,98,1,98,0,0,97,98,1,0,Analysis,1
0.002192,tcp,http,SH,5,0,359.0,0.0,2281.021897810219,0,0,1310218.9781021895,0.0,0,0,0.0,0.0,0.0,0.0,0,0,0,0,0.0,0.0,0.0,71,0,1.0,,98,100,98,98,1,98,0,0,97,98,1,0,Analysis,1
0.001907,tcp,http,SH,5,0,335.0,0.0,2621.9192448872573,0,0,1405348.71525957,0.0,0,0,0.0,0.0,0.0,0.0,0,0,0,0,0.0,0.0,0.0,67,0,1.0,,98,100,98,98,1,98,0,0,97,98,1,0,Analysis,1
0.002043,tcp,http,SH,5,0,352.0,0.0,2447.3813020068524,0,0,1378365.1492902597,0.0,0,0,0.0,0.0,0.0,0.0,0,0,0,0,0.0,0.0,0.0,70,0,1.0,,98,100,98,98,1,98,0,0,97,98,1,0,Analysis,1
0.001926,tcp,http,SH,5,0,388.0,0.0,2596.0539979231567,0,0,1611630.321910696,0.0,0,0,0.0,0.0,0.0,0.0,0,0,0,0,0.0,0.0,0.0,77,0,1.0,,98,100,98,98,1,98,0,0,97,98,1,0,Analysis,1
0.001639,tcp,http,SH,5,0,354.0,0.0,3050.640634533252,0,0,1727882.8553996338,0.0,0,0,0.0,0.0,0.0,0.0,0,0,0,0,0.0,0.0,0.0,70,0,1.0,,98,100,98,98,1,98,0,0,97,98,1,0,Analysis,1
0.001966,tcp,http,SH,5,0,353.0,0.0,2543.23499491353,0,0,1436419.125127162,0.0,0,0,0.0,0.0,0.0,0.0,0,0,0,0,0.0,0.0,0.0,70,0,1.0,,98,100,98,98,1,98,0,0,97,98,1,0,Analysis,1
0.002044,tcp,http,SH,5,0,333.0,0.0,2446.183953033268,0,0,1303326.8101761253,0.0,0,0,0.0,0.0,0.0,0.0,0,0,0,0,0.0,0.0,0.0,66,0,1.0,,98,100,98,98,1,98,0,0,97,98,1,0,Analysis,1
0.00194,tcp,http,SH,5,0,330.0,0.0,2577.319587628866,0,0,1360824.7422680412,0.0,0,0,0.0,0.0,0.0,0.0,0,0,0,0,0.0,0.0,0.0,66,0,1.0,,98,100,98,98,1,98,0,0,97,98,1,0,Analysis,1
0.004056,tcp,http,SH,6,0,549.0,0.0,1479.2899408284025,0,0,1082840.2366863906,0.0,0,0,0.0,0.0,0.0,0.0,0,0,0,0,0.0,0.0,0.0,91,0,2.0,,98,100,98,98,1,98,0,0,97,98,1,0,Analysis,1
0.001687,tcp,http,SH,5,0,346.0,0.0,2963.841138114997,0,0,1640782.4540604623,0.0,0,0,0.0,0.0,0.0,0.0,0,0,0,0,0.0,0.0,0.0,69,0,1.0,,98,100,98,98,1,98,0,0,97,98,1,0,Analysis,1
0.001588,tcp,http,SH,5,0,381.0,0.0,3148.6146095717886,0,0,1919395.4659949625,0.0,0,0,0.0,0.0,0.0,0.0,0,0,0,0,0.0,0.0,0.0,76,0,1.0,,98,100,98,98,1,98,0,0,97,98,1,0,Analysis,1
0.001941,tcp,http,SH,5,0,369.0,0.0,2575.991756826378,0,0,1520865.5332302935,0.0,0,0,0.0,0.0,0.0,0.0,0,0,0,0,0.0,0.0,0.0,73,0,1.0,,98,100,98,98,1,98,0,0,97,98,1,0,Analysis,1
0.001828,tcp,http,SH,5,0,345.0,0.0,2735.229759299781,0,0,1509846.8271334793,0.0,0,0,0.0,0.0,0.0,0.0,0,0,0,0,0.0,0.0,0.0,69,0,1.0,,98,100,98,98,1,98,0,0,97,98,1,0,Analysis,1
0.001833,tcp,http,SH,5,0,362.0,0.0,2727.768685215494,0,0,1579923.622476814,0.0,0,0,0.0,0.0,0.0,0.0,0,0,0,0,0.0,0.0,0.0,72,0,1.0,,98,100,98,98,1,98,0,0,97,98,1,0,Analysis,1
0.001803,tcp,http,SH,5,0,398.0,0.0,2773.1558513588466,0,0,1765945.6461453135,0.0,0,0,0.0,0.0,0.0,0.0,0,0,0,0,0.0,0.0,0.0,79,0,1.0,,98,100,98,98,1,98,0,0,97,98,1,0,Analysis,1
0.001838,tcp,http,SH,5,0,364.0,0.0,2720.348204570185,0,0,1584330.7943416757,0.0,0,0,0.0,0.0,0.0,0.0,0,0,0,0,0.0,0.0,0.0,72,0,1.0,,98,100,98,98,1,98,0,0,97,98,1,0,Analysis,1
0.001782,tcp,http,SH,5,0,363.0,0.0,2805.8361391694725,0,0,1629629.6296296297,0.0,0,0,0.0,0.0,0.0,0.0,0,0,0,0,0.0,0.0,0.0,72,0,1.0,,98,100,98,98,1,98,0,0,97,98,1,0,Analysis,1
0.002015,tcp,http,SH,5,0,343.0,0.0,2481.389578163772,0,0,1361786.600496278,0.0,0,0,0.0,0.0,0.0,0.0,0,0,0,0,0.0,0.0,0.0,68,0,1.0,,98,100,98,98,1,98,0,0,97,98,1,0,Analysis,1
0.001917,tcp,http,SH,5,0,340.0,0.0,2608.242044861763,0,0,1418883.6724047991,0.0,0,0,0.0,0.0,0.0,0.0,0,0,0,0,0.0,0.0,0.0,68,0,1.0,,98,100,98,98,1,98,0,0,97,98,1,0,Analysis,1
0.003265,tcp,http,SH,6,0,569.0,0.0,1837.6722817764164,0,0,1394180.7044410412,0.0,0,0,0.0,0.0,0.0,0.0,0,0,0,0,0.0,0.0,0.0,94,0,2.0,,98,100,98,98,1,98,0,0,97,98,1,0,Analysis,1
0.018483,tcp,http,SH,15,0,2664.0,0.0,811.5565654926148,0,0,1153059.5682519071,0.0,0,0,0.0,0.0,0.0,0.0,0,0,0,0,0.0,0.0,0.0,177,0,5.0,0.0,98,100,98,98,1,98,0,0,97,98,1,0,Analysis,1
0.001993,tcp,http,SH,5,0,371.0,0.0,2508.7807325639737,0,0,1489212.242849975,0.0,0,0,0.0,0.0,0.0,0.0,0,0,0,0,0.0,0.0,0.0,74,0,1.0,,98,100,98,98,1,98,0,0,97,98,1,0,Analysis,1
0.002098,tcp,http,SH,5,0,359.0,0.0,2383.222116301239,0,0,1368922.783603432,0.0,0,0,0.0,0.0,0.0,0.0,0,0,0,0,0.0,0.0,0.0,71,0,1.0,,98,100,98,98,1,98,0,0,97,98,1,0,Analysis,1
0.002628,tcp,http,SH,5,0,335.0,0.0,1902.587519025875,0,0,1019786.9101978692,0.0,0,0,0.0,0.0,0.0,0.0,0,0,0,0,0.0,0.0,0.0,67,0,1.0,,98,100,98,98,1,98,0,0,97,98,1,0,Analysis,1
0.003762,tcp,http,SH,5,0,352.0,0.0,1329.0802764486975,0,0,748538.0116959064,0.0,0,0,0.0,0.0,0.0,0.0,0,0,0,0,0.0,0.0,0.0,70,0,1.0,,98,100,98,98,1,98,0,0,97,98,1,0,Analysis,1
0.004587,tcp,http,SH,4,0,388.0,0.0,872.0296490080663,0,0,676695.0076302595,0.0,0,0,0.0,0.0,0.0,0.0,0,0,0,0,0.0,0.0,0.0,97,0,1.0,,98,100,98,98,1,98,0,0,97,98,1,0,Analysis,1
0.004854,tcp,http,SH,5,0,354.0,0.0,1030.0782859497322,0,0,583436.3411619284,0.0,0,0,0.0,0.0,0.0,0.0,0,0,0,0,0.0,0.0,0.0,70,0,1.0,,98,100,98,98,1,98,0,0,97,98,1,0,Analysis,1
0.005126,tcp,http,SH,5,0,353.0,0.0,975.4194303550526,0,0,550916.8942645338,0.0,0,0,0.0,0.0,0.0,0.0,0,0,0,0,0.0,0.0,0.0,70,0,1.0,,98,100,98,98,1,98,0,0,97,98,1,0,Analysis,1
0.003595,tcp,http,SH,5,0,333.0,0.0,1390.8205841446454,0,0,741029.207232267,0.0,0,0,0.0,0.0,0.0,0.0,0,0,0,0,0.0,0.0,0.0,66,0,1.0,,98,100,98,98,1,98,0,0,98,98,1,0,Analysis,1
0.002914,tcp,http,SH,5,0,330.0,0.0,1715.8544955387783,0,0,905971.1736444748,0.0,0,0,0.0,0.0,0.0,0.0,0,0,0,0,0.0,0.0,0.0,66,0,1.0,,98,100,98,98,1,98,0,0,98,98,1,0,Analysis,1
0.002794,tcp,http,SH,5,0,331.0,0.0,1789.549033643522,0,0,947745.1682176092,0.0,0,0,0.0,0.0,0.0,0.0,0,0,0,0,0.0,0.0,0.0,66,0,1.0,,98,100,98,98,1,98,0,0,98,98,1,0,Analysis,1
0.179249,tcp,http,SH,81,0,17711.0,0.0,451.8853661666174,0,0,790453.5032273541,0.0,0,0,0.0,0.0,0.0,0.0,0,0,0,0,0.0,0.0,0.0,218,0,69.0,0.0,98,100,98,98,1,98,0,0,98,98,1,0,Analysis,1
0.017989,tcp,http,SH,11,0,1723.0,0.0,611.4847962643837,0,0,766246.0392462059,0.0,0,0,0.0,0.0,0.0,0.0,0,0,0,0,0.0,0.0,0.0,156,0,5.0,0.0,98,100,98,98,1,98,0,0,98,98,1,0,Analysis,1
0.002497,tcp,http,SH,5,0,371.0,0.0,2002.402883460152,0,0,1188626.3516219463,0.0,0,0,0.0,0.0,0.0,0.0,0,0,0,0,0.0,0.0,0.0,74,0,1.0,,98,100,98,98,1,98,0,0,98,98,1,0,Analysis,1
0.00223,tcp,http,SH,5,0,359.0,0.0,2242.152466367713,0,0,1287892.3766816142,0.0,0,0,0.0,0.0,0.0,0.0,0,0,0,0,0.0,0.0,0.0,71,0,1.0,,98,100,98,98,1,98,0,0,98,98,1,0,Analysis,1
0.00334,tcp,http,SH,5,0,335.0,0.0,1497.005988023952,0,0,802395.2095808383,0.0,0,0,0.0,0.0,0.0,0.0,0,0,0,0,0.0,0.0,0.0,67,0,1.0,,98,100,98,98,1,98,0,0,98,98,1,0,Analysis,1
0.002061,tcp,http,SH,5,0,352.0,0.0,2426.00679281902,0,0,1366327.0257156722,0.0,0,0,0.0,0.0,0.0,0.0,0,0,0,0,0.0,0.0,0.0,70,0,1.0,,98,100,98,98,1,98,0,0,98,98,1,0,Analysis,1
0.002994,tcp,http,SH,5,0,388.0,0.0,1670.00668002672,0,0,1036740.1469605878,0.0,0,0,0.0,0.0,0.0,0.0,0,0,0,0,0.0,0.0,0.0,77,0,1.0,,98,100,98,98,1,98,0,0,98,98,1,0,Analysis,1
0.00264,tcp,http,SH,5,0,348.0,0.0,1893.939393939394,0,0,1054545.4545454546,0.0,0,0,0.0,0.0,0.0,0.0,0,0,0,0,0.0,0.0,0.0,69,0,1.0,,98,100,98,98,1,98,0,0,98,98,1,0,Analysis,1
0.003279,tcp,http,SH,5,0,339.0,0.0,1524.8551387618177,0,0,827081.42726441,0.0,0,0,0.0,0.0,0.0,0.0,0,0,0,0,0.0,0.0,0.0,67,0,1.0,,98,100,98,98,1,98,0,0,98,98,1,0,Analysis,1
0.002868,tcp,http,SH,5,0,353.0,0.0,1743.3751743375176,0,0,984658.29846583,0.0,0,0,0.0,0.0,0.0,0.0,0,0,0,0,0.0,0.0,0.0,70,0,1.0,,98,100,98,98,1,98,0,0,98,98,1,0,Analysis,1
0.003024,tcp,http,SH,5,0,333.0,0.0,1653.4391534391534,0,0,880952.380952381,0.0,0,0,0.0,0.0,0.0,0.0,0,0,0,0,0.0,0.0,0.0,66,0,1.0,,98,100,98,98,1,98,0,0,98,98,1,0,Analysis,1
0.002484,tcp,http,SH,5,0,330.0,0.0,2012.8824476650564,0,0,1062801.9323671495,0.0,0,0,0.0,0.0,0.0,0.0,0,0,0,0,0.0,0.0,0.0,66,0,1.0,,98,100,98,98,1,98,0,0,98,98,1,0,Analysis,1
0.002925,tcp,http,SH,5,0,331.0,0.0,1709.4017094017092,0,0,905299.1452991453,0.0,0,0,0.0,0.0,0.0,0.0,0,0,0,0,0.0,0.0,0.0,66,0,1.0,,98,100,98,98,1,98,0,0,98,98,1,0,Analysis,1
0.158044,tcp,http,SH,90,0,18664.0,0.0,569.461668902331,0,0,944749.5634127206,0.0,0,0,0.0,0.0,0.0,0.0,0,0,0,0,0.0,0.0,0.0,207,0,80.0,0.0,98,100,98,98,1,98,0,0,98,98,1,0,Analysis,1
0.001868,tcp,http,SH,5,0,234.0,0.0,2676.659528907923,0,0,1002141.3276231264,0.0,0,0,0.0,0.0,0.0,0.0,0,0,0,0,0.0,0.0,0.0,46,0,1.0,0.0,98,100,98,98,1,98,0,0,98,98,1,0,Analysis,1
0.177703,tcp,http,SH,105,0,22208.0,0.0,590.8735361811562,0,0,999780.5326865612,0.0,0,0,0.0,0.0,0.0,0.0,0,0,0,0,0.0,0.0,0.0,211,0,80.0,0.0,98,100,98,98,1,98,0,0,98,98,1,0,Analysis,1
0.219389,tcp,http,SH,105,0,22001.0,0.0,478.6019353750644,0,0,802264.4708713746,0.0,0,0,0.0,0.0,0.0,0.0,0,0,0,0,0.0,0.0,0.0,209,0,80.0,0.0,98,100,98,98,1,98,0,0,98,98,1,0,Analysis,1
0.191539,tcp,http,SH,106,0,25115.0,0.0,553.4120988414892,0,0,1048976.9707474718,0.0,0,0,0.0,0.0,0.0,0.0,0,0,0,0,0.0,0.0,0.0,236,0,80.0,0.0,98,100,98,98,1,98,0,0,98,98,1,0,Analysis,1
0.200591,tcp,http,SH,106,0,24341.0,0.0,528.4384643378816,0,0,970771.3705998774,0.0,0,0,0.0,0.0,0.0,0.0,0,0,0,0,0.0,0.0,0.0,229,0,80.0,0.0,98,100,98,98,1,98,0,0,98,98,1,0,Analysis,1
0.179651,tcp,http,SH,105,0,26416.0,0.0,584.4665490311771,0,0,1176325.2083205772,0.0,0,0,0.0,0.0,0.0,0.0,0,0,0,0,0.0,0.0,0.0,251,0,80.0,0.0,99,100,99,99,1,99,0,0,99,99,1,0,Analysis,1
0.24327,tcp,http,SH,107,0,27524.0,0.0,439.8405064331813,0,0,905134.2130143462,0.0,0,0,0.0,0.0,0.0,0.0,0,0,0,0,0.0,0.0,0.0,257,0,80.0,0.0,100,100,100,100,1,100,0,0,100,100,1,0,Analysis,1
0.18919,tcp,http,SH,105,0,22644.0,0.0,554.9976214387652,0,0,957513.6106559545,0.0,0,0,0.0,0.0,0.0,0.0,0,0,0,0,0.0,0.0,0.0,215,0,80.0,0.0,100,100,100,100,1,100,0,0,100,100,1,0,Analysis,1
0.178526,tcp,http,SH,105,0,24861.0,0.0,588.1496252646674,0,0,1114056.2159013257,0.0,0,0,0.0,0.0,0.0,0.0,0,0,0,0,0.0,0.0,0.0,236,0,80.0,0.0,100,100,100,100,1,100,0,0,100,100,1,0,Analysis,1
0.183948,tcp,http,SH,105,0,20671.0,0.0,570.8134907691305,0,0,898993.1937286624,0.0,0,0,0.0,0.0,0.0,0.0,0,0,0,0,0.0,0.0,0.0,196,0,80.0,0.0,100,100,100,100,1,100,0,0,100,100,1,0,Analysis,1
0.170225,tcp,http,SH,105,0,20402.0,0.0,616.8306652959319,0,0,958825.0844470556,0.0,0,0,0.0,0.0,0.0,0.0,0,0,0,0,0.0,0.0,0.0,194,0,80.0,0.0,100,100,100,100,1,100,0,0,100,100,1,0,Analysis,1
0.183712,tcp,http,SH,105,0,24240.0,0.0,571.5467688556001,0,0,1055565.2325378854,0.0,0,0,0.0,0.0,0.0,0.0,0,0,0,0,0.0,0.0,0.0,230,0,80.0,0.0,100,100,100,100,1,100,0,0,100,100,1,0,Analysis,1
0.181195,tcp,http,SH,105,0,30012.0,0.0,579.4861889124976,0,0,1325069.6763155716,0.0,0,0,0.0,0.0,0.0,0.0,0,0,0,0,0.0,0.0,0.0,285,0,80.0,0.0,100,100,100,100,1,100,0,0,100,100,1,0,Analysis,1
0.178105,tcp,http,SH,109,0,27191.0,0.0,611.9985401869683,0,0,1221346.9582549618,0.0,0,0,0.0,0.0,0.0,0.0,0,0,0,0,0.0,0.0,0.0,249,0,80.0,0.0,100,100,100,100,1,100,0,0,100,100,1,0,Analysis,1
0.175364,tcp,http,SH,105,0,29829.0,0.0,598.7545904518602,0,0,1360781.004082936,0.0,0,0,0.0,0.0,0.0,0.0,0,0,0,0,0.0,0.0,0.0,284,0,80.0,0.0,100,100,100,100,1,100,0,0,100,100,1,0,Analysis,1
0.177434,tcp,http,SH,105,0,28153.0,0.0,591.7693339495248,0,0,1269339.5854233124,0.0,0,0,0.0,0.0,0.0,0.0,0,0,0,0,0.0,0.0,0.0,268,0,80.0,0.0,100,100,100,100,1,100,0,0,100,100,1,0,Analysis,1
0.171525,tcp,http,SH,105,0,27032.0,0.0,612.1556624398776,0,0,1260784.1422533158,0.0,0,0,0.0,0.0,0.0,0.0,0,0,0,0,0.0,0.0,0.0,257,0,80.0,0.0,100,100,100,100,1,100,0,0,100,100,1,0,Analysis,1
0.192388,tcp,http,SH,105,0,27600.0,0.0,545.772085577063,0,0,1147680.728527767,0.0,0,0,0.0,0.0,0.0,0.0,0,0,0,0,0.0,0.0,0.0,262,0,80.0,0.0,100,100,100,100,1,100,0,0,100,100,1,0,Analysis,1
0.268623,tcp,http,SH,105,0,27373.0,0.0,390.882389073162,0,0,815209.4198933077,0.0,0,0,0.0,0.0,0.0,0.0,0,0,0,0,0.0,0.0,0.0,260,0,80.0,0.0,100,100,100,100,1,100,0,0,100,100,1,0,Analysis,1
0.221227,tcp,http,SH,105,0,27265.0,0.0,474.6256107979586,0,0,985955.6021642928,0.0,0,0,0.0,0.0,0.0,0.0,0,0,0,0,0.0,0.0,0.0,259,0,80.0,0.0,100,100,100,100,1,100,0,0,100,100,1,0,Analysis,1
0.216014,tcp,http,SH,105,0,30424.0,0.0,486.0796059514661,0,0,1126741.7852546594,0.0,0,0,0.0,0.0,0.0,0.0,0,0,0,0,0.0,0.0,0.0,289,0,80.0,0.0,100,100,100,100,1,100,0,0,100,100,1,0,Analysis,1
0.180988,tcp,http,SH,105,0,26584.0,0.0,580.1489601520542,0,0,1175061.3300329302,0.0,0,0,0.0,0.0,0.0,0.0,0,0,0,0,0.0,0.0,0.0,253,0,80.0,0.0,100,100,100,100,1,100,0,0,100,100,1,0,Analysis,1
0.202354,tcp,http,SH,105,0,26613.0,0.0,518.8926337013353,0,0,1052136.3551004676,0.0,0,0,0.0,0.0,0.0,0.0,0,0,0,0,0.0,0.0,0.0,253,0,80.0,0.0,100,100,100,100,1,100,0,0,100,100,1,0,Analysis,1
0.196794,tcp,http,SH,105,0,27377.0,0.0,533.5528522211043,0,0,1112920.1093529274,0.0,0,0,0.0,0.0,0.0,0.0,0,0,0,0,0.0,0.0,0.0,260,0,80.0,0.0,100,100,100,100,1,100,0,0,100,100,1,0,Analysis,1
0.249623,tcp,http,SH,105,0,25779.0,0.0,420.6343165493564,0,0,826173.870196256,0.0,0,0,0.0,0.0,0.0,0.0,0,0,0,0,0.0,0.0,0.0,245,0,80.0,0.0,100,100,100,100,1,100,0,0,100,100,1,0,Analysis,1
0.203301,tcp,http,SH,105,0,26306.0,0.0,516.4755707055056,0,0,1035154.770512688,0.0,0,0,0.0,0.0,0.0,0.0,0,0,0,0,0.0,0.0,0.0,250,0,80.0,0.0,100,100,100,100,1,100,0,0,100,100,1,0,Analysis,1
0.184194,tcp,http,SH,111,0,26566.0,0.0,602.6254926870582,0,0,1153826.9433314877,0.0,0,0,0.0,0.0,0.0,0.0,0,0,0,0,0.0,0.0,0.0,239,0,80.0,0.0,100,100,100,100,1,100,0,0,100,100,1,0,Analysis,1
0.177773,tcp,http,SH,105,0,27782.0,0.0,590.6408734734747,0,0,1250223.5997592437,0.0,0,0,0.0,0.0,0.0,0.0,0,0,0,0,0.0,0.0,0.0,264,0,80.0,0.0,100,100,100,100,1,100,0,0,100,100,1,0,Analysis,1
0.17632,tcp,http,SH,105,0,27643.0,0.0,595.5081669691469,0,0,1254219.6007259528,0.0,0,0,0.0,0.0,0.0,0.0,0,0,0,0,0.0,0.0,0.0,263,0,80.0,0.0,100,100,100,100,1,100,0,0,100,100,1,0,Analysis,1
0.24428,tcp,http,SH,105,0,28018.0,0.0,429.8346160144097,0,0,917570.0016374652,0.0,0,0,0.0,0.0,0.0,0.0,0,0,0,0,0.0,0.0,0.0,266,0,80.0,0.0,100,100,100,100,1,100,0,0,100,100,1,0,Analysis,1
0.199174,tcp,http,SH,105,0,27331.0,0.0,527.1772420094993,0,0,1097773.8058180285,0.0,0,0,0.0,0.0,0.0,0.0,0,0,0,0,0.0,0.0,0.0,260,0,80.0,0.0,100,100,100,100,1,100,0,0,100,100,1,0,Analysis,1
0.177204,tcp,http,SH,105,0,26850.0,0.0,592.537414505316,0,0,1212162.253673732,0.0,0,0,0.0,0.0,0.0,0.0,0,0,0,0,0.0,0.0,0.0,255,0,80.0,0.0,100,100,100,100,1,100,0,0,100,100,1,0,Analysis,1
0.210598,tcp,http,SH,105,0,27449.0,0.0,498.5802334305169,0,0,1042706.9582807054,0.0,0,0,0.0,0.0,0.0,0.0,0,0,0,0,0.0,0.0,0.0,261,0,80.0,0.0,100,100,100,100,1,100,0,0,100,100,1,0,Analysis,1
0.177093,tcp,http,SH,105,0,27200.0,0.0,592.9088106249259,0,0,1228732.9256379416,0.0,0,0,0.0,0.0,0.0,0.0,0,0,0,0,0.0,0.0,0.0,259,0,80.0,0.0,100,100,100,100,1,100,0,0,100,100,1,0,Analysis,1
0.190696,tcp,http,SH,105,0,29133.0,0.0,550.6145907622604,0,0,1222175.6093468138,0.0,0,0,0.0,0.0,0.0,0.0,0,0,0,0,0.0,0.0,0.0,277,0,80.0,0.0,100,100,100,100,1,100,0,0,100,100,1,0,Analysis,1
0.192856,tcp,http,SH,105,0,26900.0,0.0,544.4476708010121,0,0,1115858.4643464554,0.0,0,0,0.0,0.0,0.0,0.0,0,0,0,0,0.0,0.0,0.0,256,0,80.0,0.0,100,100,100,100,1,100,0,0,100,100,1,0,Analysis,1
0.173348,tcp,http,SH,105,0,21629.0,0.0,605.7179777095785,0,0,998177.0773242264,0.0,0,0,0.0,0.0,0.0,0.0,0,0,0,0,0.0,0.0,0.0,205,0,80.0,0.0,100,100,100,100,1,100,0,0,100,100,1,0,Analysis,1
0.181895,tcp,http,SF,106,1,21369.0,0.0,588.2514637565629,0,0,939838.9180571208,0.0,0,0,0.0,0.0,0.0,0.0,0,0,0,0,0.0,0.0,0.0,201,0,80.0,0.0,100,1,100,100,1,100,0,0,100,100,1,0,Analysis,1
0.055732,tcp,http,SH,35,0,6583.0,0.0,628.0054546759492,0,0,944950.8361444054,0.0,0,0,0.0,0.0,0.0,0.0,0,0,0,0,0.0,0.0,0.0,188,0,10.0,0.0,100,100,100,100,1,100,0,0,100,100,1,0,Analysis,1
0.00206,tcp,,SH,5,0,241.0,0.0,2427.1844660194174,0,0,935922.3300970872,0.0,0,0,0.0,0.0,0.0,0.0,0,0,0,0,0.0,0.0,0.0,48,0,,,100,100,100,100,1,100,0,0,99,100,1,0,Analysis,1
0.161306,tcp,http,SH,105,0,23499.0,0.0,650.9367289499461,0,0,1165437.1195119834,0.0,0,0,0.0,0.0,0.0,0.0,0,0,0,0,0.0,0.0,0.0,223,0,80.0,0.0,100,100,100,100,1,100,0,0,99,100,1,0,Analysis,1
0.1432,tcp,http,SH,88,0,19262.0,0.0,614.5251396648044,0,0,1076089.3854748604,0.0,0,0,0.0,0.0,0.0,0.0,0,0,0,0,0.0,0.0,0.0,218,0,80.0,0.0,100,100,100,100,1,100,0,0,99,100,1,0,Analysis,1
0.001873,tcp,http,SH,5,0,249.0,0.0,2669.5141484249866,0,0,1063534.4367325143,0.0,0,0,0.0,0.0,0.0,0.0,0,0,0,0,0.0,0.0,0.0,49,0,1.0,0.0,100,100,100,100,1,100,0,0,99,100,1,0,Analysis,1
0.042174,tcp,http,SH,31,1,3605.0,15542.0,758.7613221416037,0,0,683833.6415801204,2948167.117181201,0,0,0.0,0.0,0.0,0.0,0,0,0,0,0.0,0.0,0.0,116,15542,5.0,0.0,100,100,100,100,1,100,0,0,99,100,1,0,Analysis,1
0.209019,tcp,http,SH,106,0,23090.0,0.0,507.13093068094287,0,0,883747.4105224883,0.0,0,0,0.0,0.0,0.0,0.0,0,0,0,0,0.0,0.0,0.0,217,0,80.0,0.0,100,100,100,100,1,100,0,0,99,100,1,0,Analysis,1
0.179824,tcp,http,SH,105,0,23225.0,0.0,583.9042619450129,0,0,1033232.4939941276,0.0,0,0,0.0,0.0,0.0,0.0,0,0,0,0,0.0,0.0,0.0,221,0,80.0,0.0,100,100,100,100,1,100,0,0,99,100,1,0,Analysis,1
0.166395,tcp,http,SH,105,0,23173.0,0.0,631.0285765798252,0,0,1114120.0156254696,0.0,0,0,0.0,0.0,0.0,0.0,0,0,0,0,0.0,0.0,0.0,220,0,80.0,0.0,100,100,100,100,1,100,0,0,99,100,1,0,Analysis,1
0.191093,tcp,http,SH,105,0,30452.0,0.0,549.4706765815597,0,0,1274855.6985342214,0.0,0,0,0.0,0.0,0.0,0.0,0,0,0,0,0.0,0.0,0.0,290,0,80.0,0.0,100,100,100,100,1,100,0,0,99,100,1,0,Analysis,1
0.167546,tcp,http,SH,105,0,23555.0,0.0,626.6935647523665,0,0,1124706.0508755804,0.0,0,0,0.0,0.0,0.0,0.0,0,0,0,0,0.0,0.0,0.0,224,0,80.0,0.0,100,100,100,100,1,100,0,0,99,100,1,0,Analysis,1
0.205385,tcp,http,SH,105,0,22329.0,0.0,511.2349976872702,0,0,869742.1914940233,0.0,0,0,0.0,0.0,0.0,0.0,0,0,0,0,0.0,0.0,0.0,212,0,80.0,0.0,100,100,100,100,1,100,0,0,99,100,1,0,Analysis,1
0.175712,tcp,http,SH,105,0,35577.0,0.0,597.5687488617738,0,0,1619786.9240575486,0.0,0,0,0.0,0.0,0.0,0.0,0,0,0,0,0.0,0.0,0.0,338,0,80.0,0.0,100,100,100,100,1,100,0,0,99,100,1,0,Analysis,1
0.115624,tcp,http,SH,74,0,17224.0,0.0,640.0055351830069,0,0,1191724.9014045526,0.0,0,0,0.0,0.0,0.0,0.0,0,0,0,0,0.0,0.0,0.0,232,0,69.0,0.0,100,100,100,100,1,100,0,0,99,100,1,0,Analysis,1
0.177795,tcp,http,SH,108,0,25483.0,0.0,607.4411541381928,0,0,1146623.9208076715,0.0,0,0,0.0,0.0,0.0,0.0,0,0,0,0,0.0,0.0,0.0,235,0,80.0,0.0,100,100,100,100,1,100,0,0,99,100,1,0,Analysis,1
0.178554,tcp,http,SH,105,0,24150.0,0.0,588.0573944016936,0,0,1082025.6056991164,0.0,0,0,0.0,0.0,0.0,0.0,0,0,0,0,0.0,0.0,0.0,230,0,80.0,0.0,100,100,100,100,1,100,0,0,99,100,1,0,Analysis,1
0.17104,tcp,http,SH,105,0,22997.0,0.0,613.8914873713751,0,0,1075631.4312441535,0.0,0,0,0.0,0.0,0.0,0.0,0,0,0,0,0.0,0.0,0.0,219,0,80.0,0.0,100,100,100,100,1,100,0,0,99,100,1,0,Analysis,1
0.175708,tcp,http,SH,82,0,17449.0,0.0,466.6833610308011,0,0,794454.435768434,0.0,0,0,0.0,0.0,0.0,0.0,0,0,0,0,0.0,0.0,0.0,212,0,69.0,0.0,100,100,100,100,1,100,0,0,99,100,1,0,Analysis,1
0.002118,tcp,http,SH,5,0,224.0,0.0,2360.717658168083,0,0,846081.208687441,0.0,0,0,0.0,0.0,0.0,0.0,0,0,0,0,0.0,0.0,0.0,44,0,1.0,,100,100,100,100,1,100,0,0,99,100,1,0,Analysis,1
0.023059,tcp,http,SH,17,0,3000.0,0.0,737.2392558220217,0,0,1040808.3611605014,0.0,0,0,0.0,0.0,0.0,0.0,0,0,0,0,0.0,0.0,0.0,176,0,5.0,0.0,100,100,100,100,1,100,0,0,99,100,1,0,Analysis,1
0.007327,tcp,http,SH,7,0,736.0,0.0,955.370547290842,0,0,803603.111778354,0.0,0,0,0.0,0.0,0.0,0.0,0,0,0,0,0.0,0.0,0.0,105,0,2.0,0.0,100,100,100,100,1,100,0,0,99,100,1,0,Analysis,1
0.079912,tcp,http,SH,59,0,9708.0,0.0,738.3121433576935,0,0,971869.0559615578,0.0,0,0,0.0,0.0,0.0,0.0,0,0,0,0,0.0,0.0,0.0,164,0,10.0,0.0,100,100,100,100,1,100,0,0,99,100,1,0,Analysis,1
0.057665,tcp,http,S0,12,0,2227.0,0.0,208.09849995664612,0,0,308956.9062689673,0.0,0,0,0.0,0.0,0.0,0.0,0,0,0,0,0.0,0.0,0.0,185,0,5.0,0.0,100,4,100,100,1,100,0,0,99,100,1,0,Analysis,1
95.965148,tcp,,RSTR,2,1,0.0,0.0,0.0312613491723057,0,0,0.0,0.0,0,0,0.0,0.0,0.0,0.0,0,0,0,0,0.0,0.0,0.0,0,0,,,100,1,100,100,2,100,0,0,98,100,2,0,Analysis,1
2.969466,udp,,S0,4,0,680.0,0.0,1.3470435425089895,0,0,1831.979217812226,0.0,0,0,0.0,0.0,0.0,0.0,0,0,0,0,0.0,0.0,0.0,170,0,,,1,5,1,1,1,1,0,0,97,1,1,0,Analysis,1
6.015917,udp,,S0,3,0,408.0,0.0,0.4986770927856884,0,0,542.5606769508289,0.0,0,0,0.0,0.0,0.0,0.0,0,0,0,0,0.0,0.0,0.0,136,0,,,1,6,1,1,1,1,0,0,96,1,1,0,Analysis,1
0.115658,tcp,http,SH,65,0,12273.0,0.0,562.0017638209204,0,0,848916.6335229729,0.0,0,0,0.0,0.0,0.0,0.0,0,0,0,0,0.0,0.0,0.0,188,0,55.0,0.0,98,100,98,98,1,98,0,0,96,98,1,0,Analysis,1
0.172566,tcp,http,SH,106,0,21374.0,0.0,614.2577332730665,0,0,990878.8521493226,0.0,0,0,0.0,0.0,0.0,0.0,0,0,0,0,0.0,0.0,0.0,201,0,80.0,0.0,98,100,98,98,1,98,0,0,96,98,1,0,Analysis,1
0.17476,tcp,http,SH,105,0,21378.0,0.0,600.8239871824217,0,0,978622.1103227284,0.0,0,0,0.0,0.0,0.0,0.0,0,0,0,0,0.0,0.0,0.0,203,0,80.0,0.0,98,100,98,98,1,98,0,0,96,98,1,0,Analysis,1
0.175749,tcp,http,SH,105,0,21292.0,0.0,597.4429441988291,0,0,969200.39374335,0.0,0,0,0.0,0.0,0.0,0.0,0,0,0,0,0.0,0.0,0.0,202,0,80.0,0.0,98,100,98,98,1,98,0,0,96,98,1,0,Analysis,1
0.174246,tcp,http,SH,105,0,21244.0,0.0,602.5963293275024,0,0,975356.6796368352,0.0,0,0,0.0,0.0,0.0,0.0,0,0,0,0,0.0,0.0,0.0,202,0,80.0,0.0,98,100,98,98,1,98,0,0,96,98,1,0,Analysis,1
0.097219,tcp,http,SH,65,0,12997.0,0.0,668.5935876731915,0,0,1069502.874952427,0.0,0,0,0.0,0.0,0.0,0.0,0,0,0,0,0.0,0.0,0.0,199,0,55.0,0.0,98,100,98,98,1,98,0,0,96,98,1,0,Analysis,1
0.044175,tcp,http,SH,31,0,5633.0,0.0,701.7543859649123,0,0,1020124.5048104132,0.0,0,0,0.0,0.0,0.0,0.0,0,0,0,0,0.0,0.0,0.0,181,0,5.0,0.0,98,100,98,98,1,98,0,0,96,98,1,0,Analysis,1
0.12734,tcp,http,SH,76,0,16328.0,0.0,596.8273912360609,0,0,1025789.2256949896,0.0,0,0,0.0,0.0,0.0,0.0,0,0,0,0,0.0,0.0,0.0,214,0,69.0,0.0,98,100,98,98,1,98,0,0,96,98,1,0,Analysis,1
0.414287,udp,dns,S0,2,0,56.0,0.0,4.827571224778957,0,0,1081.3759543504864,0.0,0,0,0.0,0.0,0.0,0.0,0,0,0,0,0.0,0.0,0.0,28,0,,,1,7,1,1,1,1,0,0,95,1,1,0,Analysis,1
2.969729,udp,,S0,4,0,680.0,0.0,1.346924247970101,0,0,1831.8169772393371,0.0,0,0,0.0,0.0,0.0,0.0,0,0,0,0,0.0,0.0,0.0,170,0,,,2,8,2,2,1,2,0,0,94,2,1,0,Analysis,1
6.041363,udp,,S0,3,0,408.0,0.0,0.4965766831094241,0,0,540.2754312230535,0.0,0,0,0.0,0.0,0.0,0.0,0,0,0,0,0.0,0.0,0.0,136,0,,,2,9,2,2,2,2,0,0,93,2,2,0,Analysis,1
6.25291,udp,,S0,7,0,4592.0,0.0,1.1194787706843694,0,0,5875.024588551571,0.0,0,0,0.0,0.0,0.0,0.0,0,0,0,0,0.0,0.0,0.0,656,0,,,1,10,3,1,1,1,0,0,92,95,1,0,Analysis,1
0.11344,tcp,http,SH,65,0,12273.0,0.0,572.9901269393512,0,0,865514.8095909732,0.0,0,0,0.0,0.0,0.0,0.0,0,0,0,0,0.0,0.0,0.0,188,0,55.0,0.0,94,100,94,94,1,94,0,0,92,95,1,0,Analysis,1
0.168614,tcp,http,SH,106,0,21214.0,0.0,628.6547973477884,0,0,1006511.9147876214,0.0,0,0,0.0,0.0,0.0,0.0,0,0,0,0,0.0,0.0,0.0,200,0,80.0,0.0,94,100,94,94,1,94,0,0,92,95,1,0,Analysis,1
0.156596,tcp,http,SH,105,0,21297.0,0.0,670.5152111165036,0,0,1087997.1391350992,0.0,0,0,0.0,0.0,0.0,0.0,0,0,0,0,0.0,0.0,0.0,202,0,80.0,0.0,94,100,94,94,1,94,0,0,92,95,1,0,Analysis,1
0.163056,tcp,http,SH,105,0,21353.0,0.0,643.9505445981748,0,0,1047640.074575606,0.0,0,0,0.0,0.0,0.0,0.0,0,0,0,0,0.0,0.0,0.0,203,0,80.0,0.0,94,100,94,94,1,94,0,0,92,95,1,0,Analysis,1
0.166255,tcp,http,SH,105,0,21297.0,0.0,631.5599530841179,0,0,1024787.2244443776,0.0,0,0,0.0,0.0,0.0,0.0,0,0,0,0,0.0,0.0,0.0,202,0,80.0,0.0,94,100,94,94,1,94,0,0,92,95,1,0,Analysis,1
0.111784,tcp,http,SH,65,0,13124.0,0.0,581.478565805482,0,0,939239.9627853718,0.0,0,0,0.0,0.0,0.0,0.0,0,0,0,0,0.0,0.0,0.0,201,0,55.0,0.0,94,100,94,94,1,94,0,0,92,95,1,0,Analysis,1
0.062382,tcp,http,SH,31,0,5633.0,0.0,496.93821935814816,0,0,722387.8682953416,0.0,0,0,0.0,0.0,0.0,0.0,0,0,0,0,0.0,0.0,0.0,181,0,5.0,0.0,94,100,94,94,1,94,0,0,92,95,1,0,Analysis,1
0.123543,tcp,http,SH,76,0,16328.0,0.0,615.1704264911812,0,0,1057316.0761840008,0.0,0,0,0.0,0.0,0.0,0.0,0,0,0,0,0.0,0.0,0.0,214,0,69.0,0.0,94,100,94,94,1,94,0,0,92,95,1,0,Analysis,1
2.970149,udp,,S0,4,0,680.0,0.0,1.346733783389318,0,0,1831.5579454094727,0.0,0,0,0.0,0.0,0.0,0.0,0,0,0,0,0.0,0.0,0.0,170,0,,,3,11,4,3,1,3,0,0,91,3,1,0,Analysis,1
0.127643,tcp,http,SH,65,0,12273.0,0.0,509.2327820562036,0,0,769207.8688216353,0.0,0,0,0.0,0.0,0.0,0.0,0,0,0,0,0.0,0.0,0.0,188,0,55.0,0.0,93,100,93,93,1,93,0,0,91,94,1,0,Analysis,1
0.175463,tcp,http,SH,106,0,21206.0,0.0,604.1159674689251,0,0,966859.1098978132,0.0,0,0,0.0,0.0,0.0,0.0,0,0,0,0,0.0,0.0,0.0,200,0,80.0,0.0,93,100,93,93,1,93,0,0,91,94,1,0,Analysis,1
0.210282,tcp,http,SH,105,0,21384.0,0.0,499.32947185208434,0,0,813536.1086540931,0.0,0,0,0.0,0.0,0.0,0.0,0,0,0,0,0.0,0.0,0.0,203,0,80.0,0.0,93,100,93,93,1,93,0,0,91,94,1,0,Analysis,1
0.199663,tcp,http,SH,105,0,21454.0,0.0,525.8861181090136,0,0,859608.4402217737,0.0,0,0,0.0,0.0,0.0,0.0,0,0,0,0,0.0,0.0,0.0,204,0,80.0,0.0,93,100,93,93,1,93,0,0,91,94,1,0,Analysis,1
0.19596,tcp,http,SH,105,0,21232.0,0.0,535.8236374770362,0,0,866789.1406409472,0.0,0,0,0.0,0.0,0.0,0.0,0,0,0,0,0.0,0.0,0.0,202,0,80.0,0.0,93,100,93,93,1,93,0,0,91,94,1,0,Analysis,1
0.108082,tcp,http,SH,65,0,13009.0,0.0,601.3952369497234,0,0,962898.5399974094,0.0,0,0,0.0,0.0,0.0,0.0,0,0,0,0,0.0,0.0,0.0,200,0,55.0,0.0,93,100,93,93,1,93,0,0,91,94,1,0,Analysis,1
0.050107,tcp,http,SH,31,0,5633.0,0.0,618.676033288762,0,0,899355.3794878959,0.0,0,0,0.0,0.0,0.0,0.0,0,0,0,0,0.0,0.0,0.0,181,0,5.0,0.0,93,100,93,93,1,93,0,0,91,94,1,0,Analysis,1
0.127819,tcp,http,SH,76,0,16328.0,0.0,594.5907885369155,0,0,1021945.0942348164,0.0,0,0,0.0,0.0,0.0,0.0,0,0,0,0,0.0,0.0,0.0,214,0,69.0,0.0,93,100,93,93,1,93,0,0,91,94,1,0,Analysis,1
6.048805,udp,,S0,3,0,408.0,0.0,0.4959657320743519,0,0,539.6107164968948,0.0,0,0,0.0,0.0,0.0,0.0,0,0,0,0,0.0,0.0,0.0,136,0,,,3,12,3,3,3,3,0,0,90,3,3,0,Analysis,1
2.964716,udp,,S0,4,0,680.0,0.0,1.3492017447876965,0,0,1834.914372911267,0.0,0,0,0.0,0.0,0.0,0.0,0,0,0,0,0.0,0.0,0.0,170,0,,,4,13,5,4,1,4,0,0,89,4,1,0,Analysis,1
0.135317,tcp,http,SH,65,0,12273.0,0.0,480.35354020559134,0,0,725585.1075622428,0.0,0,0,0.0,0.0,0.0,0.0,0,0,0,0,0.0,0.0,0.0,188,0,55.0,0.0,91,100,91,91,1,91,0,0,89,92,1,0,Analysis,1
0.179371,tcp,http,SH,106,0,21318.0,0.0,590.9539446175803,0,0,950789.146517553,0.0,0,0,0.0,0.0,0.0,0.0,0,0,0,0,0.0,0.0,0.0,201,0,80.0,0.0,91,100,91,91,1,91,0,0,89,92,1,0,Analysis,1
0.170155,tcp,http,SH,105,0,21342.0,0.0,617.0844230260644,0,0,1003414.5338074107,0.0,0,0,0.0,0.0,0.0,0.0,0,0,0,0,0.0,0.0,0.0,203,0,80.0,0.0,91,100,91,91,1,91,0,0,89,92,1,0,Analysis,1
0.211064,tcp,http,SH,105,0,21354.0,0.0,497.47943751658266,0,0,809384.8311412652,0.0,0,0,0.0,0.0,0.0,0.0,0,0,0,0,0.0,0.0,0.0,203,0,80.0,0.0,91,100,91,91,1,91,0,0,89,92,1,0,Analysis,1
0.163107,tcp,http,SH,105,0,21236.0,0.0,643.7491953135059,0,0,1041573.936127818,0.0,0,0,0.0,0.0,0.0,0.0,0,0,0,0,0.0,0.0,0.0,202,0,80.0,0.0,91,100,91,91,1,91,0,0,89,92,1,0,Analysis,1
0.120945,tcp,http,SH,65,0,13035.0,0.0,537.4343709950804,0,0,862210.0954979536,0.0,0,0,0.0,0.0,0.0,0.0,0,0,0,0,0.0,0.0,0.0,200,0,55.0,0.0,91,100,91,91,1,91,0,0,89,92,1,0,Analysis,1
0.060992,tcp,http,SH,31,0,5633.0,0.0,508.2633788037776,0,0,738850.9968520462,0.0,0,0,0.0,0.0,0.0,0.0,0,0,0,0,0.0,0.0,0.0,181,0,5.0,0.0,91,100,91,91,1,91,0,0,89,92,1,0,Analysis,1
0.137012,tcp,http,SH,76,0,16328.0,0.0,554.6959390418358,0,0,953376.3465973784,0.0,0,0,0.0,0.0,0.0,0.0,0,0,0,0,0.0,0.0,0.0,214,0,69.0,0.0,91,100,91,91,1,91,0,0,89,92,1,0,Analysis,1
