n_estimators,max_depth,min_samples_leaf,repetition,train_time,f1_score,precision,recall,specificity
10,10.0,1,1,0.4092893600463867,0.08264462809917356,0.05181347150259067,0.20408163265306123,0.807570977917981
10,10.0,1,2,0.37214231491088867,0.08496732026143791,0.05058365758754864,0.2653061224489796,0.7434279705573081
10,10.0,1,3,0.34688687324523926,0.05653710247349823,0.03418803418803419,0.16326530612244897,0.7623554153522608
10,10.0,1,4,0.3571000099182129,0.08053691275167785,0.04819277108433735,0.24489795918367346,0.750788643533123
10,10.0,1,5,0.30985331535339355,0.04081632653061224,0.025510204081632654,0.10204081632653061,0.7991587802313355
10,10.0,5,1,0.3070955276489258,0.06498194945848375,0.039473684210526314,0.1836734693877551,0.7697160883280757
10,10.0,5,2,0.32335448265075684,0.10429447852760736,0.061371841155234655,0.3469387755102041,0.7266035751840169
10,10.0,5,3,0.3367125988006592,0.07038123167155426,0.0410958904109589,0.24489795918367346,0.7055730809674028
10,10.0,5,4,0.3209264278411865,0.07692307692307693,0.04498269896193772,0.2653061224489796,0.7097791798107256
10,10.0,5,5,0.29085826873779297,0.07462686567164178,0.045662100456621,0.20408163265306123,0.7802313354363828
10,10.0,10,1,0.3072638511657715,0.06474820143884892,0.039301310043668124,0.1836734693877551,0.768664563617245
10,10.0,10,2,0.30709123611450195,0.10843373493975904,0.0636042402826855,0.3673469387755102,0.7213459516298633
10,10.0,10,3,0.2719113826751709,0.05504587155963303,0.03237410071942446,0.1836734693877551,0.7171398527865405
10,10.0,10,4,0.304004430770874,0.08668730650154799,0.051094890510948905,0.2857142857142857,0.7266035751840169
10,10.0,10,5,0.3107280731201172,0.06177606177606178,0.0380952380952381,0.16326530612244897,0.7875920084121977
10,20.0,1,1,0.4909634590148926,0.06779661016949153,0.057971014492753624,0.08163265306122448,0.9316508937960042
10,20.0,1,2,0.4610013961791992,0.029197080291970802,0.022727272727272728,0.04081632653061224,0.9095688748685594
10,20.0,1,3,0.4778006076812744,0.05952380952380952,0.04201680672268908,0.10204081632653061,0.8801261829652997
10,20.0,1,4,0.5013823509216309,0.056338028169014086,0.043010752688172046,0.08163265306122448,0.9064143007360673
10,20.0,1,5,0.46538233757019043,0.09523809523809523,0.08928571428571429,0.10204081632653061,0.9463722397476341
10,20.0,5,1,0.3895857334136963,0.047058823529411764,0.03305785123966942,0.08163265306122448,0.8769716088328076
10,20.0,5,2,0.3568301200866699,0.1069182389937107,0.06319702602230483,0.3469387755102041,0.7350157728706624
10,20.0,5,3,0.3706676959991455,0.07602339181286549,0.04436860068259386,0.2653061224489796,0.7055730809674028
10,20.0,5,4,0.39559340476989746,0.072992700729927,0.044444444444444446,0.20408163265306123,0.7739221871713985
10,20.0,5,5,0.35432863235473633,0.091324200913242,0.058823529411764705,0.20408163265306123,0.8317560462670873
10,20.0,10,1,0.38895678520202637,0.06153846153846154,0.0410958904109589,0.12244897959183673,0.8527865404837014
10,20.0,10,2,0.3874928951263428,0.0947075208913649,0.054838709677419356,0.3469387755102041,0.6919032597266036
10,20.0,10,3,0.3158531188964844,0.06451612903225806,0.03767123287671233,0.22448979591836735,0.704521556256572
10,20.0,10,4,0.36216163635253906,0.08088235294117647,0.04932735426008968,0.22448979591836735,0.7770767613038907
10,20.0,10,5,0.39963340759277344,0.07692307692307693,0.050314465408805034,0.16326530612244897,0.8412197686645636
10,,1,1,0.7599749565124512,0.0,0.0,0.0,0.9894847528916929
10,,1,2,0.773237943649292,0.0,0.0,0.0,0.9905362776025236
10,,1,3,0.7543983459472656,0.03571428571428571,0.14285714285714285,0.02040816326530612,0.9936908517350158
10,,1,4,0.7772355079650879,0.0,0.0,0.0,0.9936908517350158
10,,1,5,0.7440550327301025,0.0,0.0,0.0,0.9957939011566772
10,,5,1,0.37906932830810547,0.023952095808383235,0.01694915254237288,0.04081632653061224,0.8780231335436383
10,,5,2,0.39968419075012207,0.1118421052631579,0.06666666666666667,0.3469387755102041,0.7497371188222923
10,,5,3,0.32715559005737305,0.07602339181286549,0.04436860068259386,0.2653061224489796,0.7055730809674028
10,,5,4,0.3971827030181885,0.055776892430278883,0.034653465346534656,0.14285714285714285,0.7949526813880127
10,,5,5,0.35582804679870605,0.08620689655172414,0.0546448087431694,0.20408163265306123,0.8180862250262881
10,,10,1,0.34282946586608887,0.06153846153846154,0.0410958904109589,0.12244897959183673,0.8527865404837014
10,,10,2,0.36796998977661133,0.0947075208913649,0.054838709677419356,0.3469387755102041,0.6919032597266036
10,,10,3,0.3036344051361084,0.06451612903225806,0.03767123287671233,0.22448979591836735,0.704521556256572
10,,10,4,0.4767007827758789,0.06274509803921569,0.038834951456310676,0.16326530612244897,0.7917981072555205
10,,10,5,0.3576333522796631,0.07860262008733625,0.05,0.1836734693877551,0.8201892744479495
20,10.0,1,1,0.51495361328125,0.08771929824561403,0.055865921787709494,0.20408163265306123,0.8222923238696109
20,10.0,1,2,0.4951019287109375,0.07106598984771574,0.0472972972972973,0.14285714285714285,0.8517350157728707
20,10.0,1,3,0.4970872402191162,0.05172413793103448,0.03278688524590164,0.12244897959183673,0.8138801261829653
20,10.0,1,4,0.47316932678222656,0.08764940239043825,0.054455445544554455,0.22448979591836735,0.7991587802313355
20,10.0,1,5,0.464310884475708,0.07920792079207921,0.05228758169934641,0.16326530612244897,0.8475289169295478
20,10.0,5,1,0.3393974304199219,0.06177606177606178,0.0380952380952381,0.16326530612244897,0.7875920084121977
20,10.0,5,2,0.37111997604370117,0.08144796380090498,0.05232558139534884,0.1836734693877551,0.8286014721345951
20,10.0,5,3,0.4109516143798828,0.04912280701754386,0.029661016949152543,0.14285714285714285,0.7592008412197687
20,10.0,5,4,0.3807234764099121,0.08695652173913043,0.055248618784530384,0.20408163265306123,0.8201892744479495
20,10.0,5,5,0.429227352142334,0.07476635514018691,0.048484848484848485,0.16326530612244897,0.8349106203995794
20,10.0,10,1,0.35933780670166016,0.060810810810810814,0.03643724696356275,0.1836734693877551,0.7497371188222923
20,10.0,10,2,0.43288660049438477,0.12048192771084337,0.075,0.30612244897959184,0.8054679284963197
20,10.0,10,3,0.40567684173583984,0.05387205387205387,0.03225806451612903,0.16326530612244897,0.7476340694006309
20,10.0,10,4,0.35497140884399414,0.08835341365461848,0.055,0.22448979591836735,0.8012618296529969
20,10.0,10,5,0.4243652820587158,0.0861244019138756,0.05625,0.1836734693877551,0.8412197686645636
20,20.0,1,1,0.7763299942016602,0.019801980198019802,0.019230769230769232,0.02040816326530612,0.9463722397476341
20,20.0,1,2,0.7501010894775391,0.047058823529411764,0.05555555555555555,0.04081632653061224,0.964248159831756
20,20.0,1,3,0.7815685272216797,0.03636363636363636,0.03278688524590164,0.04081632653061224,0.9379600420609885
20,20.0,1,4,0.7405462265014648,0.047619047619047616,0.03896103896103896,0.061224489795918366,0.9221871713985279
20,20.0,1,5,0.7523007392883301,0.08080808080808081,0.08,0.08163265306122448,0.9516298633017876
20,20.0,5,1,0.42159581184387207,0.06829268292682927,0.04487179487179487,0.14285714285714285,0.843322818086225
20,20.0,5,2,0.49277830123901367,0.05649717514124294,0.0390625,0.10204081632653061,0.8706624605678234
20,20.0,5,3,0.4831516742706299,0.07168458781362007,0.043478260869565216,0.20408163265306123,0.768664563617245
20,20.0,5,4,0.47281503677368164,0.08333333333333333,0.05235602094240838,0.20408163265306123,0.8096740273396424
20,20.0,5,5,0.4538414478302002,0.08955223880597014,0.05921052631578947,0.1836734693877551,0.8496319663512093
20,20.0,10,1,0.40087246894836426,0.0636042402826855,0.038461538461538464,0.1836734693877551,0.7634069400630915
20,20.0,10,2,0.4401266574859619,0.09649122807017543,0.061452513966480445,0.22448979591836735,0.8233438485804416
20,20.0,10,3,0.454052209854126,0.07434944237918216,0.045454545454545456,0.20408163265306123,0.7791798107255521
20,20.0,10,4,0.4547140598297119,0.07272727272727272,0.04678362573099415,0.16326530612244897,0.8286014721345951
20,20.0,10,5,0.44523096084594727,0.08695652173913043,0.056962025316455694,0.1836734693877551,0.843322818086225
20,,1,1,1.2747526168823242,0.0,0.0,0.0,0.9926393270241851
20,,1,2,1.43070650100708,0.0,0.0,0.0,0.9936908517350158
20,,1,3,1.298971176147461,0.0,0.0,0.0,0.9905362776025236
20,,1,4,1.3261466026306152,0.0,0.0,0.0,0.9936908517350158
20,,1,5,1.2675318717956543,0.0,0.0,0.0,0.9926393270241851
20,,5,1,0.45018768310546875,0.053763440860215055,0.0364963503649635,0.10204081632653061,0.861198738170347
20,,5,2,0.46676135063171387,0.047337278106508875,0.03333333333333333,0.08163265306122448,0.8780231335436383
20,,5,3,0.47345852851867676,0.07220216606498195,0.043859649122807015,0.20408163265306123,0.7707676130389064
20,,5,4,0.4622502326965332,0.08547008547008547,0.05405405405405406,0.20408163265306123,0.8159831756046267
20,,5,5,0.5309083461761475,0.08955223880597014,0.05921052631578947,0.1836734693877551,0.8496319663512093
20,,10,1,0.41338229179382324,0.0636042402826855,0.038461538461538464,0.1836734693877551,0.7634069400630915
20,,10,2,0.41362786293029785,0.09649122807017543,0.061452513966480445,0.22448979591836735,0.8233438485804416
20,,10,3,0.45310425758361816,0.07246376811594203,0.04405286343612335,0.20408163265306123,0.7718191377497371
20,,10,4,0.4836893081665039,0.06334841628959276,0.040697674418604654,0.14285714285714285,0.8264984227129337
20,,10,5,0.4558138847351074,0.0821917808219178,0.052941176470588235,0.1836734693877551,0.8307045215562566
30,10.0,1,1,0.5679073333740234,0.07035175879396985,0.04666666666666667,0.14285714285714285,0.8496319663512093
30,10.0,1,2,0.5892493724822998,0.07291666666666667,0.04895104895104895,0.14285714285714285,0.8569926393270242
30,10.0,1,3,0.5903880596160889,0.05429864253393665,0.03488372093023256,0.12244897959183673,0.825446898002103
30,10.0,1,4,0.5853621959686279,0.06986899563318777,0.044444444444444446,0.16326530612244897,0.8191377497371188
30,10.0,1,5,0.5609743595123291,0.0718562874251497,0.05084745762711865,0.12244897959183673,0.882229232386961
30,10.0,5,1,0.4752047061920166,0.035398230088495575,0.022598870056497175,0.08163265306122448,0.8180862250262881
30,10.0,5,2,0.4847397804260254,0.08080808080808081,0.053691275167785234,0.16326530612244897,0.8517350157728707
30,10.0,5,3,0.499967098236084,0.08333333333333333,0.0502092050209205,0.24489795918367346,0.7613038906414301
30,10.0,5,4,0.4782860279083252,0.06926406926406926,0.04395604395604396,0.16326530612244897,0.8170347003154574
30,10.0,5,5,0.5120193958282471,0.08,0.052980132450331126,0.16326530612244897,0.8496319663512093
30,10.0,10,1,0.4582939147949219,0.039525691699604744,0.024509803921568627,0.10204081632653061,0.7907465825446898
30,10.0,10,2,0.5004196166992188,0.0730593607305936,0.047058823529411764,0.16326530612244897,0.8296529968454258
30,10.0,10,3,0.4972381591796875,0.07692307692307693,0.046413502109704644,0.22448979591836735,0.7623554153522608
30,10.0,10,4,0.4686086177825928,0.07339449541284404,0.047337278106508875,0.16326530612244897,0.8307045215562566
30,10.0,10,5,0.48960161209106445,0.08780487804878048,0.057692307692307696,0.1836734693877551,0.8454258675078864
30,20.0,1,1,0.8827719688415527,0.02197802197802198,0.023809523809523808,0.02040816326530612,0.9568874868559412
30,20.0,1,2,0.9388883113861084,0.06,0.058823529411764705,0.061224489795918366,0.9495268138801262
30,20.0,1,3,0.8990085124969482,0.023809523809523808,0.02857142857142857,0.02040816326530612,0.964248159831756
30,20.0,1,4,0.8801314830780029,0.05357142857142857,0.047619047619047616,0.061224489795918366,0.9369085173501577
30,20.0,1,5,0.8910350799560547,0.1,0.12903225806451613,0.08163265306122448,0.9716088328075709
30,20.0,5,1,0.5750162601470947,0.05263157894736842,0.03546099290780142,0.10204081632653061,0.8569926393270242
30,20.0,5,2,0.5723557472229004,0.06593406593406594,0.045112781954887216,0.12244897959183673,0.8664563617245006
30,20.0,5,3,0.6107194423675537,0.06751054852320675,0.0425531914893617,0.16326530612244897,0.8107255520504731
30,20.0,5,4,0.5631239414215088,0.055299539170506916,0.03571428571428571,0.12244897959183673,0.8296529968454258
30,20.0,5,5,0.5970838069915771,0.10126582278481013,0.07339449541284404,0.16326530612244897,0.8937960042060988
30,20.0,10,1,0.5245249271392822,0.05343511450381679,0.03286384976525822,0.14285714285714285,0.7833859095688749
30,20.0,10,2,0.5780744552612305,0.06829268292682927,0.04487179487179487,0.14285714285714285,0.843322818086225
30,20.0,10,3,0.5748934745788574,0.08097165991902834,0.050505050505050504,0.20408163265306123,0.8023133543638276
30,20.0,10,4,0.5429332256317139,0.0782122905027933,0.05384615384615385,0.14285714285714285,0.8706624605678234
30,20.0,10,5,0.5774168968200684,0.1,0.06870229007633588,0.1836734693877551,0.8717139852786541
30,,1,1,1.5850718021392822,0.0,0.0,0.0,0.9926393270241851
30,,1,2,1.6950116157531738,0.0,0.0,0.0,0.9926393270241851
30,,1,3,1.6397874355316162,0.0,0.0,0.0,0.9926393270241851
30,,1,4,1.6114933490753174,0.0,0.0,0.0,0.9936908517350158
30,,1,5,1.5999062061309814,0.0,0.0,0.0,0.9947423764458465
30,,5,1,0.5583486557006836,0.042105263157894736,0.028368794326241134,0.08163265306122448,0.8559411146161935
30,,5,2,0.5555167198181152,0.06779661016949153,0.046875,0.12244897959183673,0.8717139852786541
30,,5,3,0.6575191020965576,0.06837606837606838,0.043243243243243246,0.16326530612244897,0.8138801261829653
30,,5,4,0.5641634464263916,0.07476635514018691,0.048484848484848485,0.16326530612244897,0.8349106203995794
30,,5,5,0.6300139427185059,0.10227272727272728,0.07086614173228346,0.1836734693877551,0.8759200841219769
30,,10,1,0.5193617343902588,0.05343511450381679,0.03286384976525822,0.14285714285714285,0.7833859095688749
30,,10,2,0.5263261795043945,0.06829268292682927,0.04487179487179487,0.14285714285714285,0.843322818086225
30,,10,3,0.5982277393341064,0.08333333333333333,0.05235602094240838,0.20408163265306123,0.8096740273396424
30,,10,4,0.5660915374755859,0.06217616580310881,0.041666666666666664,0.12244897959183673,0.8548895899053628
30,,10,5,0.587169885635376,0.09782608695652174,0.06666666666666667,0.1836734693877551,0.8675078864353313
40,10.0,1,1,0.7548213005065918,0.07407407407407407,0.05,0.14285714285714285,0.8601472134595163
40,10.0,1,2,0.7078750133514404,0.1005586592178771,0.06923076923076923,0.1836734693877551,0.8727655099894848
40,10.0,1,3,0.7370624542236328,0.06986899563318777,0.044444444444444446,0.16326530612244897,0.8191377497371188
40,10.0,1,4,0.7257959842681885,0.07655502392344497,0.05,0.16326530612244897,0.8401682439537329
40,10.0,1,5,0.7259001731872559,0.056818181818181816,0.03937007874015748,0.10204081632653061,0.8717139852786541
40,10.0,5,1,0.5614299774169922,0.04739336492890995,0.030864197530864196,0.10204081632653061,0.8349106203995794
40,10.0,5,2,0.5720186233520508,0.09183673469387756,0.061224489795918366,0.1836734693877551,0.8548895899053628
40,10.0,5,3,0.6204931735992432,0.08208955223880597,0.0502283105022831,0.22448979591836735,0.7812828601472135
40,10.0,5,4,0.5989880561828613,0.06866952789699571,0.043478260869565216,0.16326530612244897,0.814931650893796
40,10.0,5,5,0.6324193477630615,0.06829268292682927,0.04487179487179487,0.14285714285714285,0.843322818086225
40,10.0,10,1,0.5474507808685303,0.042735042735042736,0.02702702702702703,0.10204081632653061,0.8107255520504731
40,10.0,10,2,0.5626332759857178,0.07766990291262135,0.050955414012738856,0.16326530612244897,0.843322818086225
40,10.0,10,3,0.5992600917816162,0.078125,0.04830917874396135,0.20408163265306123,0.7928496319663512
40,10.0,10,4,0.5895953178405762,0.08256880733944955,0.05325443786982249,0.1836734693877551,0.8317560462670873
40,10.0,10,5,0.567995548248291,0.0730593607305936,0.047058823529411764,0.16326530612244897,0.8296529968454258
40,20.0,1,1,1.155815839767456,0.041666666666666664,0.0425531914893617,0.04081632653061224,0.9526813880126183
40,20.0,1,2,1.161372184753418,0.043010752688172046,0.045454545454545456,0.04081632653061224,0.9558359621451105
40,20.0,1,3,1.1628055572509766,0.023255813953488372,0.02702702702702703,0.02040816326530612,0.9621451104100947
40,20.0,1,4,1.16194748878479,0.01834862385321101,0.016666666666666666,0.02040816326530612,0.9379600420609885
40,20.0,1,5,1.14215087890625,0.09411764705882353,0.1111111111111111,0.08163265306122448,0.9663512092534174
40,20.0,5,1,0.7149996757507324,0.06741573033707865,0.046511627906976744,0.12244897959183673,0.8706624605678234
40,20.0,5,2,0.6938178539276123,0.06666666666666667,0.04580152671755725,0.12244897959183673,0.868559411146162
40,20.0,5,3,0.7099764347076416,0.10945273631840796,0.07236842105263158,0.22448979591836735,0.8517350157728707
40,20.0,5,4,0.7189061641693115,0.08163265306122448,0.05442176870748299,0.16326530612244897,0.8538380651945321
40,20.0,5,5,0.7137415409088135,0.08187134502923976,0.05737704918032787,0.14285714285714285,0.879074658254469
40,20.0,10,1,0.646958589553833,0.05128205128205128,0.032432432432432434,0.12244897959183673,0.8117770767613038
40,20.0,10,2,0.6412343978881836,0.0748663101604278,0.050724637681159424,0.14285714285714285,0.8622502628811777
40,20.0,10,3,0.6603567600250244,0.10784313725490197,0.07096774193548387,0.22448979591836735,0.8485804416403786
40,20.0,10,4,0.7037327289581299,0.08045977011494253,0.056,0.14285714285714285,0.8759200841219769
40,20.0,10,5,0.6632452011108398,0.07368421052631578,0.04964539007092199,0.14285714285714285,0.8590956887486856
40,,1,1,2.185129404067993,0.0,0.0,0.0,0.9936908517350158
40,,1,2,2.2291738986968994,0.0,0.0,0.0,0.9936908517350158
40,,1,3,2.1919453144073486,0.0,0.0,0.0,0.9936908517350158
40,,1,4,2.2099239826202393,0.0,0.0,0.0,0.9926393270241851
40,,1,5,2.263500928878784,0.0,0.0,0.0,0.9936908517350158
40,,5,1,0.7411797046661377,0.05649717514124294,0.0390625,0.10204081632653061,0.8706624605678234
40,,5,2,0.6652994155883789,0.06779661016949153,0.046875,0.12244897959183673,0.8717139852786541
40,,5,3,0.7244143486022949,0.08040201005025126,0.05333333333333334,0.16326530612244897,0.85068349106204
40,,5,4,0.7524123191833496,0.08205128205128205,0.0547945205479452,0.16326530612244897,0.8548895899053628
40,,5,5,0.7271616458892822,0.08536585365853659,0.06086956521739131,0.14285714285714285,0.886435331230284
40,,10,1,0.6454036235809326,0.05084745762711865,0.03208556149732621,0.12244897959183673,0.8096740273396424
40,,10,2,0.6203012466430664,0.0748663101604278,0.050724637681159424,0.14285714285714285,0.8622502628811777
40,,10,3,0.6591792106628418,0.1073170731707317,0.07051282051282051,0.22448979591836735,0.8475289169295478
40,,10,4,0.7096259593963623,0.06976744186046512,0.04878048780487805,0.12244897959183673,0.8769716088328076
40,,10,5,0.6691319942474365,0.08121827411167512,0.05405405405405406,0.16326530612244897,0.8527865404837014
50,10.0,1,1,0.8407187461853027,0.07777777777777778,0.05343511450381679,0.14285714285714285,0.8696109358569927
50,10.0,1,2,0.867985725402832,0.07692307692307693,0.05263157894736842,0.14285714285714285,0.8675078864353313
50,10.0,1,3,0.8409974575042725,0.07526881720430108,0.051094890510948905,0.14285714285714285,0.8633017875920084
50,10.0,1,4,0.8642449378967285,0.06,0.039735099337748346,0.12244897959183673,0.8475289169295478
50,10.0,1,5,0.8879485130310059,0.045454545454545456,0.031496062992125984,0.08163265306122448,0.8706624605678234
50,10.0,5,1,0.6438977718353271,0.06896551724137931,0.045454545454545456,0.14285714285714285,0.8454258675078864
50,10.0,5,2,0.7198178768157959,0.09424083769633508,0.06338028169014084,0.1836734693877551,0.8601472134595163
50,10.0,5,3,0.6794557571411133,0.08333333333333333,0.05389221556886228,0.1836734693877551,0.8338590956887487
50,10.0,5,4,0.6794226169586182,0.06698564593301436,0.04375,0.14285714285714285,0.8391167192429022
50,10.0,5,5,0.7069888114929199,0.08490566037735849,0.05521472392638037,0.1836734693877551,0.8380651945320715
50,10.0,10,1,0.6724898815155029,0.0639269406392694,0.041176470588235294,0.14285714285714285,0.8286014721345951
50,10.0,10,2,0.6907672882080078,0.09230769230769231,0.06164383561643835,0.1836734693877551,0.8559411146161935
50,10.0,10,3,0.6893720626831055,0.07725321888412018,0.04891304347826087,0.1836734693877551,0.8159831756046267
50,10.0,10,4,0.6781976222991943,0.058823529411764705,0.03870967741935484,0.12244897959183673,0.843322818086225
50,10.0,10,5,0.6822388172149658,0.08071748878923767,0.05172413793103448,0.1836734693877551,0.8264984227129337
50,20.0,1,1,1.4077129364013672,0.043010752688172046,0.045454545454545456,0.04081632653061224,0.9558359621451105
50,20.0,1,2,1.4022791385650635,0.06315789473684211,0.06521739130434782,0.061224489795918366,0.9547844374342797
50,20.0,1,3,1.4501335620880127,0.025,0.03225806451612903,0.02040816326530612,0.9684542586750788
50,20.0,1,4,1.4076244831085205,0.0392156862745098,0.03773584905660377,0.04081632653061224,0.9463722397476341
50,20.0,1,5,1.4405808448791504,0.1,0.12903225806451613,0.08163265306122448,0.9716088328075709
50,20.0,5,1,0.7993807792663574,0.057803468208092484,0.04032258064516129,0.10204081632653061,0.8748685594111462
50,20.0,5,2,0.932518482208252,0.07954545454545454,0.05511811023622047,0.14285714285714285,0.8738170347003155
50,20.0,5,3,0.8855736255645752,0.06172839506172839,0.04424778761061947,0.10204081632653061,0.886435331230284
50,20.0,5,4,0.9221944808959961,0.0851063829787234,0.05755395683453238,0.16326530612244897,0.8622502628811777
50,20.0,5,5,0.8900496959686279,0.08187134502923976,0.05737704918032787,0.14285714285714285,0.879074658254469
50,20.0,10,1,0.7630856037139893,0.06763285024154589,0.04430379746835443,0.14285714285714285,0.8412197686645636
50,20.0,10,2,0.91764235496521,0.08092485549132948,0.056451612903225805,0.14285714285714285,0.8769716088328076
50,20.0,10,3,0.8585848808288574,0.09195402298850575,0.064,0.16326530612244897,0.8769716088328076
50,20.0,10,4,0.8532319068908691,0.0718562874251497,0.05084745762711865,0.12244897959183673,0.882229232386961
50,20.0,10,5,0.7811064720153809,0.08,0.052980132450331126,0.16326530612244897,0.8496319663512093
50,,1,1,2.821748733520508,0.0,0.0,0.0,0.9915878023133544
50,,1,2,2.8061470985412598,0.0,0.0,0.0,0.9915878023133544
50,,1,3,2.690995693206787,0.0,0.0,0.0,0.9947423764458465
50,,1,4,2.592216968536377,0.0,0.0,0.0,0.9936908517350158
50,,1,5,2.7028861045837402,0.0,0.0,0.0,0.9947423764458465
50,,5,1,0.8215482234954834,0.07017543859649122,0.04918032786885246,0.12244897959183673,0.8780231335436383
50,,5,2,0.8272032737731934,0.0893854748603352,0.06153846153846154,0.16326530612244897,0.8717139852786541
50,,5,3,0.86647629737854,0.07317073170731707,0.05217391304347826,0.12244897959183673,0.8853838065194533
50,,5,4,0.8452944755554199,0.07650273224043716,0.05223880597014925,0.14285714285714285,0.8664563617245006
50,,5,5,0.9008498191833496,0.08284023668639054,0.058333333333333334,0.14285714285714285,0.8811777076761304
50,,10,1,0.7619373798370361,0.07582938388625593,0.04938271604938271,0.16326530612244897,0.8380651945320715
50,,10,2,0.787224531173706,0.08139534883720931,0.056910569105691054,0.14285714285714285,0.8780231335436383
50,,10,3,0.763054609298706,0.0893854748603352,0.06153846153846154,0.16326530612244897,0.8717139852786541
50,,10,4,0.8391170501708984,0.06741573033707865,0.046511627906976744,0.12244897959183673,0.8706624605678234
50,,10,5,0.8294613361358643,0.07920792079207921,0.05228758169934641,0.16326530612244897,0.8475289169295478
60,10.0,1,1,0.9707612991333008,0.09836065573770492,0.06716417910447761,0.1836734693877551,0.868559411146162
60,10.0,1,2,0.9554955959320068,0.08,0.052980132450331126,0.16326530612244897,0.8496319663512093
60,10.0,1,3,0.9630749225616455,0.08139534883720931,0.056910569105691054,0.14285714285714285,0.8780231335436383
60,10.0,1,4,0.9573328495025635,0.08290155440414508,0.05555555555555555,0.16326530612244897,0.8569926393270242
60,10.0,1,5,0.9497668743133545,0.04597701149425287,0.032,0.08163265306122448,0.8727655099894848
60,10.0,5,1,0.7465734481811523,0.06698564593301436,0.04375,0.14285714285714285,0.8391167192429022
60,10.0,5,2,0.8101775646209717,0.07272727272727272,0.04678362573099415,0.16326530612244897,0.8286014721345951
60,10.0,5,3,0.8549439907073975,0.0784313725490196,0.05161290322580645,0.16326530612244897,0.8454258675078864
60,10.0,5,4,0.8073170185089111,0.06572769953051644,0.042682926829268296,0.14285714285714285,0.8349106203995794
60,10.0,5,5,0.8468294143676758,0.07729468599033816,0.05063291139240506,0.16326530612244897,0.8422712933753943
60,10.0,10,1,0.7384662628173828,0.06422018348623854,0.04142011834319527,0.14285714285714285,0.8296529968454258
60,10.0,10,2,0.770092248916626,0.0761904761904762,0.049689440993788817,0.16326530612244897,0.8391167192429022
60,10.0,10,3,0.8041918277740479,0.08866995073891626,0.05844155844155844,0.1836734693877551,0.8475289169295478
60,10.0,10,4,0.7656722068786621,0.07729468599033816,0.05063291139240506,0.16326530612244897,0.8422712933753943
60,10.0,10,5,0.7829487323760986,0.08,0.05113636363636364,0.1836734693877551,0.8243953732912723
60,20.0,1,1,1.6319360733032227,0.041666666666666664,0.0425531914893617,0.04081632653061224,0.9526813880126183
60,20.0,1,2,1.6080985069274902,0.043010752688172046,0.045454545454545456,0.04081632653061224,0.9558359621451105
60,20.0,1,3,1.6380932331085205,0.024096385542168676,0.029411764705882353,0.02040816326530612,0.9652996845425867
60,20.0,1,4,1.6929967403411865,0.020202020202020204,0.02,0.02040816326530612,0.9484752891692955
60,20.0,1,5,1.6390211582183838,0.1,0.12903225806451613,0.08163265306122448,0.9716088328075709
60,20.0,5,1,0.9592571258544922,0.062111801242236024,0.044642857142857144,0.10204081632653061,0.8874868559411146
60,20.0,5,2,1.012406826019287,0.0782122905027933,0.05384615384615385,0.14285714285714285,0.8706624605678234
60,20.0,5,3,0.986764669418335,0.0641025641025641,0.04672897196261682,0.10204081632653061,0.8927444794952681
60,20.0,5,4,0.9916930198669434,0.08421052631578947,0.05673758865248227,0.16326530612244897,0.8601472134595163
60,20.0,5,5,1.0353822708129883,0.07954545454545454,0.05511811023622047,0.14285714285714285,0.8738170347003155
60,20.0,10,1,0.9306352138519287,0.08,0.052980132450331126,0.16326530612244897,0.8496319663512093
60,20.0,10,2,0.9483456611633301,0.08,0.05555555555555555,0.14285714285714285,0.8748685594111462
60,20.0,10,3,0.8942306041717529,0.0903954802259887,0.0625,0.16326530612244897,0.8738170347003155
60,20.0,10,4,0.9093444347381592,0.07954545454545454,0.05511811023622047,0.14285714285714285,0.8738170347003155
60,20.0,10,5,0.9192671775817871,0.05102040816326531,0.034013605442176874,0.10204081632653061,0.85068349106204
60,,1,1,3.028827667236328,0.0,0.0,0.0,0.9926393270241851
60,,1,2,3.1875882148742676,0.0,0.0,0.0,0.9936908517350158
60,,1,3,3.151947021484375,0.0,0.0,0.0,0.9947423764458465
60,,1,4,3.0685067176818848,0.0,0.0,0.0,0.9947423764458465
60,,1,5,3.139056921005249,0.0,0.0,0.0,0.9947423764458465
60,,5,1,0.9528474807739258,0.07017543859649122,0.04918032786885246,0.12244897959183673,0.8780231335436383
60,,5,2,1.018449306488037,0.08045977011494253,0.056,0.14285714285714285,0.8759200841219769
60,,5,3,1.0239911079406738,0.06622516556291391,0.049019607843137254,0.10204081632653061,0.8980021030494216
60,,5,4,1.1049580574035645,0.08839779005524862,0.06060606060606061,0.16326530612244897,0.8696109358569927
60,,5,5,1.2265236377716064,0.06666666666666667,0.04580152671755725,0.12244897959183673,0.868559411146162
60,,10,1,0.9365692138671875,0.07655502392344497,0.05,0.16326530612244897,0.8401682439537329
60,,10,2,1.1345160007476807,0.08791208791208792,0.06015037593984962,0.16326530612244897,0.868559411146162
60,,10,3,1.030163049697876,0.0748663101604278,0.050724637681159424,0.14285714285714285,0.8622502628811777
60,,10,4,1.094719648361206,0.07567567567567568,0.051470588235294115,0.14285714285714285,0.8643533123028391
60,,10,5,1.0306727886199951,0.050761421319796954,0.033783783783783786,0.10204081632653061,0.8496319663512093
70,10.0,1,1,1.3375294208526611,0.09278350515463918,0.06206896551724138,0.1836734693877551,0.8569926393270242
70,10.0,1,2,1.0898609161376953,0.08791208791208792,0.06015037593984962,0.16326530612244897,0.868559411146162
70,10.0,1,3,1.1628594398498535,0.09696969696969697,0.06896551724137931,0.16326530612244897,0.886435331230284
70,10.0,1,4,1.324885606765747,0.08040201005025126,0.05333333333333334,0.16326530612244897,0.85068349106204
70,10.0,1,5,1.354745626449585,0.058823529411764705,0.04132231404958678,0.10204081632653061,0.8780231335436383
70,10.0,5,1,0.9888381958007812,0.06635071090047394,0.043209876543209874,0.14285714285714285,0.8370136698212408
70,10.0,5,2,1.038226842880249,0.08695652173913043,0.056962025316455694,0.1836734693877551,0.843322818086225
70,10.0,5,3,1.0431890487670898,0.061855670103092786,0.041379310344827586,0.12244897959183673,0.8538380651945321
70,10.0,5,4,0.8904907703399658,0.07207207207207207,0.046242774566473986,0.16326530612244897,0.8264984227129337
70,10.0,5,5,0.91489577293396,0.07920792079207921,0.05228758169934641,0.16326530612244897,0.8475289169295478
70,10.0,10,1,0.8006303310394287,0.06306306306306306,0.04046242774566474,0.14285714285714285,0.825446898002103
70,10.0,10,2,0.8786258697509766,0.08968609865470852,0.05747126436781609,0.20408163265306123,0.8275499474237644
70,10.0,10,3,0.8847782611846924,0.07766990291262135,0.050955414012738856,0.16326530612244897,0.843322818086225
70,10.0,10,4,0.7981305122375488,0.07373271889400922,0.047619047619047616,0.16326530612244897,0.8317560462670873
70,10.0,10,5,0.8575379848480225,0.07339449541284404,0.047337278106508875,0.16326530612244897,0.8307045215562566
70,20.0,1,1,1.869051456451416,0.022222222222222223,0.024390243902439025,0.02040816326530612,0.9579390115667719
70,20.0,1,2,1.8682076930999756,0.04081632653061224,0.04081632653061224,0.04081632653061224,0.9505783385909569
70,20.0,1,3,1.84916090965271,0.02531645569620253,0.03333333333333333,0.02040816326530612,0.9695057833859095
70,20.0,1,4,1.8306241035461426,0.04040404040404041,0.04,0.04081632653061224,0.9495268138801262
70,20.0,1,5,1.8660507202148438,0.0963855421686747,0.11764705882352941,0.08163265306122448,0.9684542586750788
70,20.0,5,1,1.0107238292694092,0.0273972602739726,0.020618556701030927,0.04081632653061224,0.900105152471083
70,20.0,5,2,1.13950514793396,0.08648648648648649,0.058823529411764705,0.16326530612244897,0.8654048370136698
70,20.0,5,3,1.0531985759735107,0.0736196319018405,0.05263157894736842,0.12244897959183673,0.886435331230284
70,20.0,5,4,1.029388189315796,0.08121827411167512,0.05405405405405406,0.16326530612244897,0.8527865404837014
70,20.0,5,5,1.1197247505187988,0.0782122905027933,0.05384615384615385,0.14285714285714285,0.8706624605678234
70,20.0,10,1,0.9161558151245117,0.07106598984771574,0.0472972972972973,0.14285714285714285,0.8517350157728707
70,20.0,10,2,1.049208641052246,0.1,0.06870229007633588,0.1836734693877551,0.8717139852786541
70,20.0,10,3,0.9950103759765625,0.08743169398907104,0.05970149253731343,0.16326530612244897,0.8675078864353313
70,20.0,10,4,1.0565588474273682,0.08602150537634409,0.058394160583941604,0.16326530612244897,0.8643533123028391
70,20.0,10,5,1.0300419330596924,0.04878048780487805,0.03205128205128205,0.10204081632653061,0.8412197686645636
70,,1,1,3.6316449642181396,0.0,0.0,0.0,0.9926393270241851
70,,1,2,3.613539934158325,0.0,0.0,0.0,0.9947423764458465
70,,1,3,3.5955631732940674,0.0,0.0,0.0,0.9936908517350158
70,,1,4,3.5066657066345215,0.0,0.0,0.0,0.9936908517350158
70,,1,5,3.5922319889068604,0.0,0.0,0.0,0.9926393270241851
70,,5,1,1.0469462871551514,0.05442176870748299,0.04081632653061224,0.08163265306122448,0.9011566771819137
70,,5,2,1.0785810947418213,0.07526881720430108,0.051094890510948905,0.14285714285714285,0.8633017875920084
70,,5,3,1.1063590049743652,0.0641025641025641,0.04672897196261682,0.10204081632653061,0.8927444794952681
70,,5,4,1.0703749656677246,0.08421052631578947,0.05673758865248227,0.16326530612244897,0.8601472134595163
70,,5,5,1.179722547531128,0.08284023668639054,0.058333333333333334,0.14285714285714285,0.8811777076761304
70,,10,1,0.9355282783508301,0.07,0.046357615894039736,0.14285714285714285,0.8485804416403786
70,,10,2,1.0350887775421143,0.0967741935483871,0.06569343065693431,0.1836734693877551,0.8654048370136698
70,,10,3,1.0401318073272705,0.08888888888888889,0.061068702290076333,0.16326530612244897,0.8706624605678234
70,,10,4,1.0326361656188965,0.08888888888888889,0.061068702290076333,0.16326530612244897,0.8706624605678234
70,,10,5,0.9840562343597412,0.04878048780487805,0.03205128205128205,0.10204081632653061,0.8412197686645636
80,10.0,1,1,1.2270846366882324,0.08888888888888889,0.061068702290076333,0.16326530612244897,0.8706624605678234
80,10.0,1,2,1.2273993492126465,0.09090909090909091,0.06040268456375839,0.1836734693877551,0.8527865404837014
80,10.0,1,3,1.19907546043396,0.09876543209876543,0.07079646017699115,0.16326530612244897,0.889589905362776
80,10.0,1,4,1.1907367706298828,0.08205128205128205,0.0547945205479452,0.16326530612244897,0.8548895899053628
80,10.0,1,5,1.2216169834136963,0.06060606060606061,0.04310344827586207,0.10204081632653061,0.8832807570977917
80,10.0,5,1,0.9165544509887695,0.07446808510638298,0.050359712230215826,0.14285714285714285,0.861198738170347
80,10.0,5,2,1.0038166046142578,0.08144796380090498,0.05232558139534884,0.1836734693877551,0.8286014721345951
80,10.0,5,3,1.0291948318481445,0.06382978723404255,0.04316546762589928,0.12244897959183673,0.8601472134595163
80,10.0,5,4,0.9908440113067627,0.06278026905829596,0.040229885057471264,0.14285714285714285,0.8243953732912723
80,10.0,5,5,0.9981367588043213,0.04878048780487805,0.03205128205128205,0.10204081632653061,0.8412197686645636
80,10.0,10,1,0.9131319522857666,0.06896551724137931,0.045454545454545456,0.14285714285714285,0.8454258675078864
80,10.0,10,2,0.939063310623169,0.0881057268722467,0.056179775280898875,0.20408163265306123,0.8233438485804416
80,10.0,10,3,0.9907946586608887,0.07253886010362694,0.04861111111111111,0.14285714285714285,0.8559411146161935
80,10.0,10,4,0.9612166881561279,0.06481481481481481,0.041916167664670656,0.14285714285714285,0.8317560462670873
80,10.0,10,5,0.9481849670410156,0.05357142857142857,0.03428571428571429,0.12244897959183673,0.8222923238696109
80,20.0,1,1,2.0391690731048584,0.047058823529411764,0.05555555555555555,0.04081632653061224,0.964248159831756
80,20.0,1,2,2.1000351905822754,0.039603960396039604,0.038461538461538464,0.04081632653061224,0.9474237644584648
80,20.0,1,3,2.060314893722534,0.024691358024691357,0.03125,0.02040816326530612,0.9674027339642481
80,20.0,1,4,2.1015820503234863,0.038834951456310676,0.037037037037037035,0.04081632653061224,0.9453207150368034
80,20.0,1,5,2.0902762413024902,0.0898876404494382,0.1,0.08163265306122448,0.9621451104100947
80,20.0,5,1,1.1434824466705322,0.06756756756756757,0.050505050505050504,0.10204081632653061,0.9011566771819137
80,20.0,5,2,1.2682080268859863,0.0625,0.04195804195804196,0.12244897959183673,0.8559411146161935
80,20.0,5,3,1.1866037845611572,0.07741935483870968,0.05660377358490566,0.12244897959183673,0.8948475289169295
80,20.0,5,4,1.1843576431274414,0.07291666666666667,0.04895104895104895,0.14285714285714285,0.8569926393270242
80,20.0,5,5,1.3004388809204102,0.0546448087431694,0.03731343283582089,0.10204081632653061,0.8643533123028391
80,20.0,10,1,1.0586192607879639,0.06629834254143646,0.045454545454545456,0.12244897959183673,0.8675078864353313
80,20.0,10,2,1.188143014907837,0.09473684210526316,0.06382978723404255,0.1836734693877551,0.861198738170347
80,20.0,10,3,1.1114141941070557,0.07272727272727272,0.05172413793103448,0.12244897959183673,0.8843322818086226
80,20.0,10,4,1.0907912254333496,0.07179487179487179,0.04794520547945205,0.14285714285714285,0.8538380651945321
80,20.0,10,5,1.0932040214538574,0.04,0.026490066225165563,0.08163265306122448,0.8454258675078864
80,,1,1,3.97622013092041,0.0,0.0,0.0,0.9926393270241851
80,,1,2,4.42711329460144,0.0,0.0,0.0,0.9936908517350158
80,,1,3,4.47663950920105,0.0,0.0,0.0,0.9947423764458465
80,,1,4,4.398809432983398,0.0,0.0,0.0,0.9936908517350158
80,,1,5,4.269127130508423,0.0,0.0,0.0,0.9936908517350158
80,,5,1,1.2069191932678223,0.053691275167785234,0.04,0.08163265306122448,0.8990536277602523
80,,5,2,1.4197590351104736,0.0707070707070707,0.04697986577181208,0.14285714285714285,0.85068349106204
80,,5,3,1.4040935039520264,0.06944444444444445,0.05263157894736842,0.10204081632653061,0.9053627760252366
80,,5,4,1.2370352745056152,0.08695652173913043,0.05925925925925926,0.16326530612244897,0.8664563617245006
80,,5,5,1.3217172622680664,0.057803468208092484,0.04032258064516129,0.10204081632653061,0.8748685594111462
80,,10,1,1.1448338031768799,0.06282722513089005,0.04225352112676056,0.12244897959183673,0.8569926393270242
80,,10,2,1.2394776344299316,0.08163265306122448,0.05442176870748299,0.16326530612244897,0.8538380651945321
80,,10,3,1.2800724506378174,0.08333333333333333,0.058823529411764705,0.14285714285714285,0.882229232386961
80,,10,4,1.2088103294372559,0.07567567567567568,0.051470588235294115,0.14285714285714285,0.8643533123028391
80,,10,5,1.2554066181182861,0.03940886699507389,0.025974025974025976,0.08163265306122448,0.8422712933753943
90,10.0,1,1,2.036158561706543,0.09230769230769231,0.06164383561643835,0.1836734693877551,0.8559411146161935
90,10.0,1,2,1.6884582042694092,0.08695652173913043,0.056962025316455694,0.1836734693877551,0.843322818086225
90,10.0,1,3,1.634531021118164,0.07643312101910828,0.05555555555555555,0.12244897959183673,0.8927444794952681
90,10.0,1,4,1.5809760093688965,0.08333333333333333,0.055944055944055944,0.16326530612244897,0.8580441640378549
90,10.0,1,5,1.5370595455169678,0.06289308176100629,0.045454545454545456,0.10204081632653061,0.889589905362776
90,10.0,5,1,1.0886764526367188,0.06862745098039216,0.04516129032258064,0.14285714285714285,0.8443743427970557
90,10.0,5,2,1.157850742340088,0.09243697478991597,0.0582010582010582,0.22448979591836735,0.8128286014721346
90,10.0,5,3,1.2002067565917969,0.06818181818181818,0.047244094488188976,0.12244897959183673,0.8727655099894848
90,10.0,5,4,1.1056151390075684,0.06278026905829596,0.040229885057471264,0.14285714285714285,0.8243953732912723
90,10.0,5,5,1.1822655200958252,0.049019607843137254,0.03225806451612903,0.10204081632653061,0.8422712933753943
90,10.0,10,1,1.1443662643432617,0.05263157894736842,0.0335195530726257,0.12244897959183673,0.8180862250262881
90,10.0,10,2,1.544365406036377,0.100418410041841,0.06315789473684211,0.24489795918367346,0.8128286014721346
90,10.0,10,3,1.4058430194854736,0.0855614973262032,0.057971014492753624,0.16326530612244897,0.8633017875920084
90,10.0,10,4,1.26240873336792,0.06635071090047394,0.043209876543209874,0.14285714285714285,0.8370136698212408
90,10.0,10,5,1.3743290901184082,0.06542056074766354,0.04242424242424243,0.14285714285714285,0.8338590956887487
90,20.0,1,1,2.9298689365386963,0.04597701149425287,0.05263157894736842,0.04081632653061224,0.9621451104100947
90,20.0,1,2,2.847217082977295,0.0380952380952381,0.03571428571428571,0.04081632653061224,0.943217665615142
90,20.0,1,3,2.785372018814087,0.025,0.03225806451612903,0.02040816326530612,0.9684542586750788
90,20.0,1,4,2.5085203647613525,0.043478260869565216,0.046511627906976744,0.04081632653061224,0.9568874868559412
90,20.0,1,5,2.563246488571167,0.09302325581395349,0.10810810810810811,0.08163265306122448,0.9652996845425867
90,20.0,5,1,1.5105712413787842,0.06666666666666667,0.04950495049504951,0.10204081632653061,0.8990536277602523
90,20.0,5,2,1.615020751953125,0.08695652173913043,0.056962025316455694,0.1836734693877551,0.843322818086225
90,20.0,5,3,1.7436974048614502,0.06711409395973154,0.05,0.10204081632653061,0.900105152471083
90,20.0,5,4,1.5618395805358887,0.08648648648648649,0.058823529411764705,0.16326530612244897,0.8654048370136698
90,20.0,5,5,1.5014512538909912,0.06818181818181818,0.047244094488188976,0.12244897959183673,0.8727655099894848
90,20.0,10,1,1.2358391284942627,0.0748663101604278,0.050724637681159424,0.14285714285714285,0.8622502628811777
90,20.0,10,2,1.4643750190734863,0.08695652173913043,0.056962025316455694,0.1836734693877551,0.843322818086225
90,20.0,10,3,1.4489161968231201,0.10062893081761007,0.07272727272727272,0.16326530612244897,0.8927444794952681
90,20.0,10,4,1.4404573440551758,0.08602150537634409,0.058394160583941604,0.16326530612244897,0.8643533123028391
90,20.0,10,5,1.3778116703033447,0.04950495049504951,0.032679738562091505,0.10204081632653061,0.8443743427970557
90,,1,1,4.93574857711792,0.0,0.0,0.0,0.9926393270241851
90,,1,2,4.872159957885742,0.0,0.0,0.0,0.9936908517350158
90,,1,3,4.671387434005737,0.0,0.0,0.0,0.9947423764458465
90,,1,4,4.552900791168213,0.0,0.0,0.0,0.9957939011566772
90,,1,5,4.769366502761841,0.0,0.0,0.0,0.9926393270241851
90,,5,1,1.3174009323120117,0.08053691275167785,0.06,0.12244897959183673,0.9011566771819137
90,,5,2,1.4553897380828857,0.08411214953271028,0.05454545454545454,0.1836734693877551,0.8359621451104101
90,,5,3,1.412735939025879,0.07092198581560284,0.05434782608695652,0.10204081632653061,0.9085173501577287
90,,5,4,1.2981667518615723,0.08743169398907104,0.05970149253731343,0.16326530612244897,0.8675078864353313
90,,5,5,1.4244444370269775,0.05952380952380952,0.04201680672268908,0.10204081632653061,0.8801261829652997
90,,10,1,1.161931037902832,0.06930693069306931,0.0457516339869281,0.14285714285714285,0.8464773922187171
90,,10,2,1.3245177268981934,0.08530805687203792,0.05555555555555555,0.1836734693877551,0.8391167192429022
90,,10,3,1.2843267917633057,0.09032258064516129,0.0660377358490566,0.14285714285714285,0.8958990536277602
90,,10,4,1.2045862674713135,0.07526881720430108,0.051094890510948905,0.14285714285714285,0.8633017875920084
90,,10,5,1.3289039134979248,0.04,0.026490066225165563,0.08163265306122448,0.8454258675078864
100,10.0,1,1,1.4645886421203613,0.0784313725490196,0.05161290322580645,0.16326530612244897,0.8454258675078864
100,10.0,1,2,1.52646803855896,0.08490566037735849,0.05521472392638037,0.1836734693877551,0.8380651945320715
100,10.0,1,3,1.5033345222473145,0.08333333333333333,0.058823529411764705,0.14285714285714285,0.882229232386961
100,10.0,1,4,1.4892706871032715,0.08205128205128205,0.0547945205479452,0.16326530612244897,0.8548895899053628
100,10.0,1,5,1.4800267219543457,0.059880239520958084,0.0423728813559322,0.10204081632653061,0.8811777076761304
100,10.0,5,1,1.15224027633667,0.07881773399014778,0.05194805194805195,0.16326530612244897,0.8464773922187171
100,10.0,5,2,1.2335100173950195,0.08130081300813008,0.050761421319796954,0.20408163265306123,0.8033648790746583
100,10.0,5,3,1.198235273361206,0.07567567567567568,0.051470588235294115,0.14285714285714285,0.8643533123028391
100,10.0,5,4,1.1374542713165283,0.06278026905829596,0.040229885057471264,0.14285714285714285,0.8243953732912723
100,10.0,5,5,1.2071423530578613,0.07547169811320754,0.049079754601226995,0.16326530612244897,0.8370136698212408
100,10.0,10,1,1.1158013343811035,0.06222222222222222,0.03977272727272727,0.14285714285714285,0.8222923238696109
100,10.0,10,2,1.118528127670288,0.09836065573770492,0.06153846153846154,0.24489795918367346,0.807570977917981
100,10.0,10,3,1.092782735824585,0.08290155440414508,0.05555555555555555,0.16326530612244897,0.8569926393270242
100,10.0,10,4,1.0734496116638184,0.07111111111111111,0.045454545454545456,0.16326530612244897,0.8233438485804416
100,10.0,10,5,1.1055691242218018,0.07239819004524888,0.046511627906976744,0.16326530612244897,0.8275499474237644
100,20.0,1,1,2.585261821746826,0.044444444444444446,0.04878048780487805,0.04081632653061224,0.9589905362776026
100,20.0,1,2,2.5830042362213135,0.058823529411764705,0.05660377358490566,0.061224489795918366,0.9474237644584648
100,20.0,1,3,2.5786335468292236,0.04597701149425287,0.05263157894736842,0.04081632653061224,0.9621451104100947
100,20.0,1,4,2.588625907897949,0.02,0.0196078431372549,0.02040816326530612,0.9474237644584648
100,20.0,1,5,2.5596089363098145,0.06896551724137931,0.07894736842105263,0.061224489795918366,0.9631966351209253
100,20.0,5,1,1.4241926670074463,0.06578947368421052,0.04854368932038835,0.10204081632653061,0.8969505783385909
100,20.0,5,2,1.5003113746643066,0.08333333333333333,0.05389221556886228,0.1836734693877551,0.8338590956887487
100,20.0,5,3,1.4493834972381592,0.09333333333333334,0.06930693069306931,0.14285714285714285,0.9011566771819137
100,20.0,5,4,1.3716583251953125,0.0851063829787234,0.05755395683453238,0.16326530612244897,0.8622502628811777
100,20.0,5,5,1.4578330516815186,0.0967741935483871,0.06569343065693431,0.1836734693877551,0.8654048370136698
100,20.0,10,1,1.2489864826202393,0.07329842931937172,0.04929577464788732,0.14285714285714285,0.8580441640378549
100,20.0,10,2,1.3529903888702393,0.08333333333333333,0.05389221556886228,0.1836734693877551,0.8338590956887487
100,20.0,10,3,1.3073923587799072,0.09696969696969697,0.06896551724137931,0.16326530612244897,0.886435331230284
100,20.0,10,4,1.2746541500091553,0.08866995073891626,0.05844155844155844,0.1836734693877551,0.8475289169295478
100,20.0,10,5,1.3741717338562012,0.0594059405940594,0.0392156862745098,0.12244897959183673,0.8454258675078864
100,,1,1,5.093472957611084,0.0,0.0,0.0,0.9926393270241851
100,,1,2,5.238777160644531,0.0,0.0,0.0,0.9936908517350158
100,,1,3,5.252013683319092,0.0,0.0,0.0,0.9947423764458465
100,,1,4,4.978738069534302,0.0,0.0,0.0,0.9957939011566772
100,,1,5,5.183607816696167,0.0,0.0,0.0,0.9947423764458465
100,,5,1,1.5353868007659912,0.07317073170731707,0.05217391304347826,0.12244897959183673,0.8853838065194533
100,,5,2,1.5153717994689941,0.08256880733944955,0.05325443786982249,0.1836734693877551,0.8317560462670873
100,,5,3,1.5087294578552246,0.10884353741496598,0.08163265306122448,0.16326530612244897,0.9053627760252366
100,,5,4,1.4522347450256348,0.08791208791208792,0.06015037593984962,0.16326530612244897,0.868559411146162
100,,5,5,1.5376989841461182,0.07777777777777778,0.05343511450381679,0.14285714285714285,0.8696109358569927
100,,10,1,1.2703509330749512,0.06829268292682927,0.04487179487179487,0.14285714285714285,0.843322818086225
100,,10,2,1.4615435600280762,0.08333333333333333,0.05389221556886228,0.1836734693877551,0.8338590956887487
100,,10,3,1.3368260860443115,0.0975609756097561,0.06956521739130435,0.16326530612244897,0.8874868559411146
100,,10,4,1.2974469661712646,0.0962566844919786,0.06521739130434782,0.1836734693877551,0.8643533123028391
100,,10,5,1.3891785144805908,0.059113300492610835,0.03896103896103896,0.12244897959183673,0.8443743427970557
