n_estimators,max_depth,min_samples_leaf,repetition,train_time,f1_score,precision,recall,specificity,roc_auc,pr_auc,composite_score
10,10.0,1,3.0,0.36531442403793335,0.06910045802327995,0.0420576276888287,0.19591836734693877,0.7726603575184017,0.48428936243267023,0.0481962890228103,0.20052870315958682
10,10.0,5,3.0,0.32720123529434203,0.0782415204504728,0.04651724303905572,0.2489795918367347,0.7383806519453208,0.49368012189102767,0.048771964218516865,0.20689786885333908
10,10.0,10,3.0,0.3294116139411926,0.07533823524317015,0.04489395593039302,0.23673469387755103,0.7442691903259726,0.4905019421017618,0.048869573036209646,0.20490325012704722
10,20.0,1,3.0,0.48017961978912355,0.06161872467847623,0.05100231218332035,0.0816326530612245,0.9148264984227129,0.49822957574196874,0.04951385395600109,0.20312071812548202
10,20.0,5,3.0,0.3921849489212036,0.0788634711958314,0.04877829036015545,0.2204081632653061,0.7846477392218717,0.502527951243589,0.049694091407239474,0.2103618379488866
10,20.0,10,3.0,0.36786278486251833,0.07571350826526758,0.04664953052679706,0.2163265306122449,0.7735015772870663,0.4949140539496556,0.04876054526023324,0.2064627024917188
20,10.0,1,3.0,0.5192567110061646,0.07547334984137635,0.04853862631496186,0.17142857142857143,0.8269190325972661,0.4991738020129188,0.049186825163340636,0.20794465900587858
20,10.0,5,3.0,0.40905399322509767,0.0708139418947656,0.044763060741823665,0.17142857142857143,0.806098843322818,0.48876370737569474,0.04845177237423757,0.20267647388156598
20,10.0,10,3.0,0.4021787643432617,0.08192852159244043,0.05098906229593836,0.2122448979591837,0.7890641430073606,0.5006545204832722,0.05011938668898407,0.21090080958823224
20,20.0,1,3.0,0.7353852272033692,0.04633031370363927,0.04530684979865308,0.04897959183673469,0.9444794952681388,0.49672954355243676,0.0491828521131298,0.19741423645640196
20,20.0,5,3.0,0.4573601484298706,0.07387200360419914,0.04779582059991159,0.1673469387755102,0.828391167192429,0.4978690529839696,0.04896592905740574,0.20690232854852483
20,20.0,10,3.0,0.4424795269966125,0.07882574103968924,0.04982284978600284,0.19183673469387755,0.807570977917981,0.49970385630592934,0.049247364032761795,0.20925898712612678
30,10.0,1,3.0,0.5869654178619385,0.06785847021058214,0.04515866772390226,0.13877551020408163,0.8466876971608833,0.4927316036824824,0.04848272096417826,0.2030242649524143
30,10.0,5,3.0,0.4991103053092957,0.0697607426987958,0.0446871053303156,0.16326530612244897,0.8195583596214512,0.49141183287195006,0.048746634910491096,0.20330640349374565
30,10.0,10,3.0,0.4973451018333435,0.07014150056297996,0.04460234307190032,0.1673469387755102,0.8117770767613038,0.489562007768407,0.04858570255156216,0.2027630702943164
30,20.0,1,3.0,0.88928781747818,0.05187179487179487,0.05757115749525617,0.04897959183673469,0.9558359621451104,0.5024077769909225,0.0502238274111488,0.20150113309128873
30,20.0,5,3.0,0.5890805721282959,0.06852831107199162,0.04644714949583602,0.1346938775510204,0.8515247108307046,0.4931092941908624,0.048889179043966086,0.20350892810227336
30,20.0,10,3.0,0.5680188417434693,0.07618234957049355,0.050157827812918665,0.163265306122449,0.834279705573081,0.49877250584776495,0.04934466818416317,0.20809984120080724
40,10.0,1,3.0,0.7377442240715026,0.07557498693335316,0.05060905848307423,0.15102040816326529,0.8527865404837014,0.5019034743234834,0.04945911376462558,0.2089791916738207
40,10.0,5,3.0,0.6204785346984864,0.07165637253708369,0.04613341071408515,0.163265306122449,0.8258675078864354,0.49456640700444215,0.048835842703680764,0.20501954074840223
40,10.0,10,3.0,0.595701003074646,0.07083162274354145,0.0453209762365923,0.163265306122449,0.8216614090431126,0.4924633575827807,0.048680125566287175,0.20399170196420313
40,20.0,1,3.0,1.181724750995636,0.044079900844072324,0.04856250834974239,0.04081632653061224,0.9549947423764458,0.4979055344535291,0.049710831069493686,0.19723208878903173
40,20.0,5,3.0,0.7214812636375427,0.0814078262825235,0.055296078712995286,0.15510204081632653,0.8647739221871713,0.509937981501749,0.05032630633978903,0.21389070470802052
40,20.0,10,3.0,0.673084020614624,0.07762709586772787,0.05195404042399955,0.15510204081632653,0.8515247108307046,0.5033133758235155,0.04984828551081424,0.21026291906735253
50,10.0,1,3.0,0.861772108078003,0.06708484347194024,0.04567854925840169,0.12653061224489795,0.8637223974763406,0.4951265048606193,0.04877765688053034,0.20366300173769666
50,10.0,5,3.0,0.7019141316413879,0.07968619891628412,0.05233835332798579,0.1673469387755102,0.8433228180862251,0.5053348784308677,0.049684966566735794,0.21156868130462922
50,10.0,10,3.0,0.6923046946525574,0.07460577400641685,0.048433433006664764,0.163265306122449,0.8340694006309148,0.4986673533766819,0.0490858061708791,0.20745297785132596
50,20.0,1,3.0,1.4359216451644898,0.05407686673990479,0.06193962167922844,0.04897959183673469,0.9594111461619349,0.5041953689993348,0.05031600024371239,0.20286274532765067
50,20.0,5,3.0,0.843708086013794,0.0732110091646477,0.05092389690137229,0.13061224489795917,0.8752891692954785,0.5029507070967187,0.04941938617090205,0.2085270341440895
50,20.0,10,3.0,0.7902552843093872,0.07847360322930616,0.053716600089806,0.14693877551020407,0.8654048370136698,0.5061718062619369,0.049743729297822135,0.21146304626302173
60,10.0,1,3.0,0.972323763370514,0.07772691409466244,0.05292208724321107,0.14693877551020407,0.8651945320715037,0.5060666537908539,0.04995974326419277,0.21125110371656972
60,10.0,5,3.0,0.8069157361984253,0.07223333534603225,0.047092473435694795,0.15510204081632653,0.8380651945320714,0.496583617674199,0.04873577963509602,0.2058509108851091
60,10.0,10,3.0,0.7800972819328308,0.07727505928119383,0.05026407856146224,0.1673469387755102,0.8365930599369085,0.5019699993562093,0.04928457529058456,0.20950987797599593
60,20.0,1,3.0,1.6347977638244628,0.04579516501980552,0.05329035194286112,0.04081632653061224,0.9587802313354363,0.4997982789330243,0.05002676028919086,0.19854006808067357
60,20.0,5,3.0,1.009676170349121,0.07363652734176748,0.05141473636806611,0.13061224489795917,0.8769716088328077,0.5037919268653833,0.04943065185030142,0.20895303535248408
60,20.0,10,3.0,0.9281619191169739,0.07619226858694171,0.052033480736856805,0.14285714285714285,0.8645636172450052,0.503710380051074,0.04962703978512639,0.20984322947438072
70,10.0,1,3.0,1.102364194393158,0.08337816589968801,0.05716810121627809,0.15510204081632653,0.8681388012618296,0.5116204210390781,0.05048092274293716,0.21515983656056778
70,10.0,5,3.0,0.8854252219200134,0.07328857912136968,0.04801631369406271,0.15510204081632653,0.8416403785488958,0.4983712096826112,0.04895773908508612,0.2068725092963557
70,10.0,10,3.0,0.8508499145507813,0.07550925578744924,0.048769086370355236,0.16734693877551018,0.8317560462670872,0.4995514925212987,0.04906630022777215,0.20804234951217337
70,20.0,1,3.0,1.845289945602417,0.04502891740435042,0.0512373925179828,0.04081632653061224,0.9592008412197686,0.5000085838751905,0.04981609985955557,0.1982845337130322
70,20.0,5,3.0,1.0576614499092103,0.06938678865535361,0.04799477459207439,0.12653061224489795,0.8750788643533124,0.5008047382991051,0.04948151155810571,0.20655767950418816
70,20.0,10,3.0,0.9940884947776795,0.07865993540360179,0.053229304509234056,0.15102040816326529,0.8593059936908517,0.5051632009270585,0.04998540133467165,0.21126951255511064
80,10.0,1,3.0,1.2090914368629455,0.08424415091081758,0.058033163170926626,0.15510204081632653,0.870241850683491,0.5126719457499088,0.05059354639417648,0.21583654768496763
80,10.0,5,3.0,0.9749660491943359,0.0662613186009009,0.04362638567204345,0.13877551020408163,0.8431125131440588,0.49094401167407026,0.04842165971258675,0.20187566332918594
80,10.0,10,3.0,0.9440035104751587,0.06959926952069927,0.045289462759388076,0.15102040816326529,0.8357518401682439,0.49338612416575456,0.04861789717606354,0.20386776362083914
80,20.0,1,3.0,2.061054754257202,0.048015346771178316,0.05246082621082622,0.044897959183673466,0.9573080967402735,0.5011030279619735,0.04963003372289087,0.1995828028186809
80,20.0,5,3.0,1.210120642185211,0.06700967956322267,0.047066269566973594,0.11836734693877551,0.87465825446898,0.4965128007038777,0.048804574092324034,0.20410901811980817
80,20.0,10,3.0,1.1089494943618774,0.06911146583376883,0.04708874846484802,0.13061224489795917,0.8624605678233438,0.4965364063606515,0.049127007708884445,0.20492495996776827
90,10.0,1,3.0,1.3278082251548766,0.08038475003205413,0.055112003577410196,0.15102040816326529,0.8679284963196634,0.5094744522414644,0.050071882679814515,0.21331036165111103
90,10.0,5,3.0,1.0718109726905822,0.0682092241707119,0.044618878517085625,0.14693877551020407,0.8393270241850683,0.4931328998476362,0.04866818268319095,0.203336768900513
90,10.0,10,3.0,1.0369738698005677,0.07407655159271002,0.04805651625393474,0.163265306122449,0.8330178759200841,0.4981415910212666,0.04925395511833492,0.20715736591077052
90,20.0,1,3.0,2.2657917380332946,0.049114753254601934,0.0550447330385736,0.044897959183673466,0.9592008412197688,0.5020494002017212,0.04979757339626867,0.20032057561753058
90,20.0,5,3.0,1.3212196350097656,0.07508111740676666,0.05250691994229177,0.1346938775510204,0.8761303890641429,0.5054121333075817,0.049600962377741226,0.2100314043640299
90,20.0,10,3.0,1.2057558059692384,0.07959564371771238,0.05429756697418418,0.15102040816326529,0.8614090431125131,0.5062147256378892,0.05009020755476078,0.2119668589701208
100,10.0,1,3.0,1.4629665851593017,0.0777203775663903,0.05256371169356579,0.15102040816326529,0.8603575184016824,0.5056889632824738,0.04964824905383449,0.21101919663423285
100,10.0,5,3.0,1.1620421051979064,0.07480923796909142,0.04869794023236825,0.163265306122449,0.8351209253417455,0.4991931157320972,0.048990775423026774,0.20766437637473845
100,10.0,10,3.0,1.135685634613037,0.07739874670408645,0.04976658354565332,0.17551020408163265,0.8275499474237644,0.5015300757526985,0.04936752841105001,0.20943211695594496
100,20.0,1,3.0,2.5768525123596193,0.04764210051836827,0.05131421037909193,0.044897959183673466,0.9558359621451104,0.500366960664392,0.049367695521059685,0.19912558556794
100,20.0,5,3.0,1.4662314534187317,0.08486734337559754,0.05899804461475733,0.15510204081632653,0.8719242902208201,0.5135131655185733,0.050643140539436145,0.216341216477869
100,20.0,10,3.0,1.3291255474090575,0.08033547019107554,0.05396215043483943,0.15918367346938775,0.8542586750788643,0.506721174274126,0.04994731691513098,0.21233465379344418
