n_estimators,max_depth,min_samples_leaf,repetition,train_time,f1_score,precision,recall,specificity,roc_auc,pr_auc
10,10.0,1,1,0.25957798957824707,1.0,1.0,1.0,1.0,1.0,1.0
10,10.0,1,2,0.2339160442352295,1.0,1.0,1.0,1.0,1.0,1.0
10,10.0,1,3,0.2341468334197998,1.0,1.0,1.0,1.0,1.0,1.0
10,10.0,1,4,0.2489943504333496,0.9999003785614664,0.9998007769698177,1.0,0.9994348686069511,0.9997174343034755,0.9998007769698177
10,10.0,1,5,0.21479368209838867,0.9999501818362975,1.0,0.9999003686360466,1.0,0.9999501843180233,0.9999740280349859
10,10.0,1,6,0.25067138671875,1.0,1.0,1.0,1.0,1.0,1.0
10,10.0,1,7,0.2250962257385254,1.0,1.0,1.0,1.0,1.0,1.0
10,10.0,1,8,0.26607418060302734,1.0,1.0,1.0,1.0,1.0,1.0
10,10.0,1,9,0.2266678810119629,1.0,1.0,1.0,1.0,1.0,1.0
10,10.0,1,10,0.2650187015533447,0.9998505752851522,0.9997011952191235,1.0,0.9991523029104267,0.9995761514552133,0.9997011952191235
10,10.0,5,1,0.21214532852172852,1.0,1.0,1.0,1.0,1.0,1.0
10,10.0,5,2,0.22968482971191406,1.0,1.0,1.0,1.0,1.0,1.0
10,10.0,5,3,0.21828365325927734,0.9999501818362975,1.0,0.9999003686360466,1.0,0.9999501843180233,0.9999740280349859
10,10.0,5,4,0.22461700439453125,0.9999501818362975,1.0,0.9999003686360466,1.0,0.9999501843180233,0.9999740280349859
10,10.0,5,5,0.21839642524719238,1.0,1.0,1.0,1.0,1.0,1.0
10,10.0,5,6,0.23462581634521484,1.0,1.0,1.0,1.0,1.0,1.0
10,10.0,5,7,0.2352745532989502,0.9998505603985056,0.9998007571229328,0.9999003686360466,0.9994348686069511,0.9996676186214988,0.9997748050087584
10,10.0,5,8,0.23085284233093262,0.9999501867995019,0.9999003785614664,1.0,0.9997174343034756,0.9998587171517378,0.9999003785614664
10,10.0,5,9,0.23983120918273926,1.0,1.0,1.0,1.0,1.0,1.0
10,10.0,5,10,0.22011852264404297,1.0,1.0,1.0,1.0,1.0,1.0
10,10.0,10,1,0.23161530494689941,1.0,1.0,1.0,1.0,1.0,1.0
10,10.0,10,2,0.2359752655029297,0.9999501867995019,0.9999003785614664,1.0,0.9997174343034756,0.9998587171517378,0.9999003785614664
10,10.0,10,3,0.22129201889038086,0.9999501818362975,1.0,0.9999003686360466,1.0,0.9999501843180233,0.9999740280349859
10,10.0,10,4,0.22682428359985352,0.9999003785614664,0.9998007769698177,1.0,0.9994348686069511,0.9997174343034755,0.9998007769698177
10,10.0,10,5,0.22489285469055176,0.9999003785614664,0.9998007769698177,1.0,0.9994348686069511,0.9997174343034755,0.9998007769698177
10,10.0,10,6,0.23162508010864258,1.0,1.0,1.0,1.0,1.0,1.0
10,10.0,10,7,0.2411482334136963,0.9998505603985056,0.9998007571229328,0.9999003686360466,0.9994348686069511,0.9996676186214988,0.9997748050087584
10,10.0,10,8,0.22193694114685059,1.0,1.0,1.0,1.0,1.0,1.0
10,10.0,10,9,0.2659015655517578,0.9999501867995019,0.9999003785614664,1.0,0.9997174343034756,0.9998587171517378,0.9999003785614664
10,10.0,10,10,0.2238774299621582,0.9999003785614664,0.9998007769698177,1.0,0.9994348686069511,0.9997174343034755,0.9998007769698177
10,20.0,1,1,0.26294445991516113,1.0,1.0,1.0,1.0,1.0,1.0
10,20.0,1,2,0.26735830307006836,1.0,1.0,1.0,1.0,1.0,1.0
10,20.0,1,3,0.24662017822265625,1.0,1.0,1.0,1.0,1.0,1.0
10,20.0,1,4,0.2542884349822998,1.0,1.0,1.0,1.0,1.0,1.0
10,20.0,1,5,0.2529480457305908,1.0,1.0,1.0,1.0,1.0,1.0
10,20.0,1,6,0.2798624038696289,1.0,1.0,1.0,1.0,1.0,1.0
10,20.0,1,7,0.24289178848266602,1.0,1.0,1.0,1.0,1.0,1.0
10,20.0,1,8,0.2622847557067871,1.0,1.0,1.0,1.0,1.0,1.0
10,20.0,1,9,0.26392316818237305,1.0,1.0,1.0,1.0,1.0,1.0
10,20.0,1,10,0.23860931396484375,1.0,1.0,1.0,1.0,1.0,1.0
10,20.0,5,1,0.24511051177978516,1.0,1.0,1.0,1.0,1.0,1.0
10,20.0,5,2,0.21818304061889648,1.0,1.0,1.0,1.0,1.0,1.0
10,20.0,5,3,0.2511460781097412,1.0,1.0,1.0,1.0,1.0,1.0
10,20.0,5,4,0.22710084915161133,0.9999003587086489,1.0,0.9998007372720933,1.0,0.9999003686360466,0.9999480560699718
10,20.0,5,5,0.21805500984191895,1.0,1.0,1.0,1.0,1.0,1.0
10,20.0,5,6,0.2890918254852295,1.0,1.0,1.0,1.0,1.0,1.0
10,20.0,5,7,0.24007415771484375,0.9999501867995019,0.9999003785614664,1.0,0.9997174343034756,0.9998587171517378,0.9999003785614664
10,20.0,5,8,0.24347448348999023,1.0,1.0,1.0,1.0,1.0,1.0
10,20.0,5,9,0.22529816627502441,1.0,1.0,1.0,1.0,1.0,1.0
10,20.0,5,10,0.2277672290802002,1.0,1.0,1.0,1.0,1.0,1.0
10,20.0,10,1,0.22827410697937012,1.0,1.0,1.0,1.0,1.0,1.0
10,20.0,10,2,0.26111292839050293,1.0,1.0,1.0,1.0,1.0,1.0
10,20.0,10,3,0.22332406044006348,0.9999501818362975,1.0,0.9999003686360466,1.0,0.9999501843180233,0.9999740280349859
10,20.0,10,4,0.23468732833862305,0.9996511685852395,1.0,0.9993025804523263,1.0,0.9996512902261632,0.9998181962449015
10,20.0,10,5,0.23253130912780762,1.0,1.0,1.0,1.0,1.0,1.0
10,20.0,10,6,0.23598408699035645,1.0,1.0,1.0,1.0,1.0,1.0
10,20.0,10,7,0.22409534454345703,0.9999501867995019,0.9999003785614664,1.0,0.9997174343034756,0.9998587171517378,0.9999003785614664
10,20.0,10,8,0.22440719604492188,0.9999003785614664,0.9998007769698177,1.0,0.9994348686069511,0.9997174343034755,0.9998007769698177
10,20.0,10,9,0.25713467597961426,0.9998505752851522,0.9997011952191235,1.0,0.9991523029104267,0.9995761514552133,0.9997011952191235
10,20.0,10,10,0.2555389404296875,1.0,1.0,1.0,1.0,1.0,1.0
10,,1,1,0.2758035659790039,1.0,1.0,1.0,1.0,1.0,1.0
10,,1,2,0.22942852973937988,1.0,1.0,1.0,1.0,1.0,1.0
10,,1,3,0.20224833488464355,1.0,1.0,1.0,1.0,1.0,1.0
10,,1,4,0.25416088104248047,1.0,1.0,1.0,1.0,1.0,1.0
10,,1,5,0.2560732364654541,1.0,1.0,1.0,1.0,1.0,1.0
10,,1,6,0.26827049255371094,1.0,1.0,1.0,1.0,1.0,1.0
10,,1,7,0.23733973503112793,1.0,1.0,1.0,1.0,1.0,1.0
10,,1,8,0.25031518936157227,1.0,1.0,1.0,1.0,1.0,1.0
10,,1,9,0.250774621963501,1.0,1.0,1.0,1.0,1.0,1.0
10,,1,10,0.27146053314208984,1.0,1.0,1.0,1.0,1.0,1.0
10,,5,1,0.24451875686645508,1.0,1.0,1.0,1.0,1.0,1.0
10,,5,2,0.21435141563415527,1.0,1.0,1.0,1.0,1.0,1.0
10,,5,3,0.24309420585632324,1.0,1.0,1.0,1.0,1.0,1.0
10,,5,4,0.2405078411102295,0.9999003587086489,1.0,0.9998007372720933,1.0,0.9999003686360466,0.9999480560699718
10,,5,5,0.22922253608703613,1.0,1.0,1.0,1.0,1.0,1.0
10,,5,6,0.2353687286376953,0.9999501818362975,1.0,0.9999003686360466,1.0,0.9999501843180233,0.9999740280349859
10,,5,7,0.2540876865386963,0.9999501867995019,0.9999003785614664,1.0,0.9997174343034756,0.9998587171517378,0.9999003785614664
10,,5,8,0.24878191947937012,1.0,1.0,1.0,1.0,1.0,1.0
10,,5,9,0.20367002487182617,1.0,1.0,1.0,1.0,1.0,1.0
10,,5,10,0.23579716682434082,1.0,1.0,1.0,1.0,1.0,1.0
10,,10,1,0.20650339126586914,1.0,1.0,1.0,1.0,1.0,1.0
10,,10,2,0.24799847602844238,1.0,1.0,1.0,1.0,1.0,1.0
10,,10,3,0.22874879837036133,0.9999501818362975,1.0,0.9999003686360466,1.0,0.9999501843180233,0.9999740280349859
10,,10,4,0.20949721336364746,0.9996511685852395,1.0,0.9993025804523263,1.0,0.9996512902261632,0.9998181962449015
10,,10,5,0.257871150970459,1.0,1.0,1.0,1.0,1.0,1.0
10,,10,6,0.24631166458129883,1.0,1.0,1.0,1.0,1.0,1.0
10,,10,7,0.22594118118286133,0.9999501867995019,0.9999003785614664,1.0,0.9997174343034756,0.9998587171517378,0.9999003785614664
10,,10,8,0.22014880180358887,0.9999003785614664,0.9998007769698177,1.0,0.9994348686069511,0.9997174343034755,0.9998007769698177
10,,10,9,0.2565886974334717,0.9998505752851522,0.9997011952191235,1.0,0.9991523029104267,0.9995761514552133,0.9997011952191235
10,,10,10,0.281679630279541,1.0,1.0,1.0,1.0,1.0,1.0
20,10.0,1,1,0.41556358337402344,1.0,1.0,1.0,1.0,1.0,1.0
20,10.0,1,2,0.3369479179382324,1.0,1.0,1.0,1.0,1.0,1.0
20,10.0,1,3,0.3575742244720459,1.0,1.0,1.0,1.0,1.0,1.0
20,10.0,1,4,0.3616154193878174,1.0,1.0,1.0,1.0,1.0,1.0
20,10.0,1,5,0.4081244468688965,1.0,1.0,1.0,1.0,1.0,1.0
20,10.0,1,6,0.38211941719055176,1.0,1.0,1.0,1.0,1.0,1.0
20,10.0,1,7,0.3216381072998047,1.0,1.0,1.0,1.0,1.0,1.0
20,10.0,1,8,0.3773484230041504,0.9999501867995019,0.9999003785614664,1.0,0.9997174343034756,0.9998587171517378,0.9999003785614664
20,10.0,1,9,0.3584411144256592,1.0,1.0,1.0,1.0,1.0,1.0
20,10.0,1,10,0.40256810188293457,0.9999501867995019,0.9999003785614664,1.0,0.9997174343034756,0.9998587171517378,0.9999003785614664
20,10.0,5,1,0.3944873809814453,1.0,1.0,1.0,1.0,1.0,1.0
20,10.0,5,2,0.3888983726501465,1.0,1.0,1.0,1.0,1.0,1.0
20,10.0,5,3,0.3375270366668701,1.0,1.0,1.0,1.0,1.0,1.0
20,10.0,5,4,0.3252437114715576,1.0,1.0,1.0,1.0,1.0,1.0
20,10.0,5,5,0.3643054962158203,1.0,1.0,1.0,1.0,1.0,1.0
20,10.0,5,6,0.3863096237182617,1.0,1.0,1.0,1.0,1.0,1.0
20,10.0,5,7,0.33397769927978516,0.9999501867995019,0.9999003785614664,1.0,0.9997174343034756,0.9998587171517378,0.9999003785614664
20,10.0,5,8,0.37314438819885254,0.9999501867995019,0.9999003785614664,1.0,0.9997174343034756,0.9998587171517378,0.9999003785614664
20,10.0,5,9,0.38658761978149414,1.0,1.0,1.0,1.0,1.0,1.0
20,10.0,5,10,0.35491251945495605,1.0,1.0,1.0,1.0,1.0,1.0
20,10.0,10,1,0.3796982765197754,1.0,1.0,1.0,1.0,1.0,1.0
20,10.0,10,2,0.35016417503356934,1.0,1.0,1.0,1.0,1.0,1.0
20,10.0,10,3,0.33939290046691895,1.0,1.0,1.0,1.0,1.0,1.0
20,10.0,10,4,0.3239002227783203,1.0,1.0,1.0,1.0,1.0,1.0
20,10.0,10,5,0.37615132331848145,1.0,1.0,1.0,1.0,1.0,1.0
20,10.0,10,6,0.3531639575958252,1.0,1.0,1.0,1.0,1.0,1.0
20,10.0,10,7,0.33676815032958984,1.0,1.0,1.0,1.0,1.0,1.0
20,10.0,10,8,0.3449132442474365,1.0,1.0,1.0,1.0,1.0,1.0
20,10.0,10,9,0.3644392490386963,1.0,1.0,1.0,1.0,1.0,1.0
20,10.0,10,10,0.36786961555480957,0.9999501867995019,0.9999003785614664,1.0,0.9997174343034756,0.9998587171517378,0.9999003785614664
20,20.0,1,1,0.4108729362487793,1.0,1.0,1.0,1.0,1.0,1.0
20,20.0,1,2,0.44065427780151367,1.0,1.0,1.0,1.0,1.0,1.0
20,20.0,1,3,0.3777153491973877,1.0,1.0,1.0,1.0,1.0,1.0
20,20.0,1,4,0.3587038516998291,1.0,1.0,1.0,1.0,1.0,1.0
20,20.0,1,5,0.3911125659942627,1.0,1.0,1.0,1.0,1.0,1.0
20,20.0,1,6,0.36711835861206055,1.0,1.0,1.0,1.0,1.0,1.0
20,20.0,1,7,0.39679932594299316,1.0,1.0,1.0,1.0,1.0,1.0
20,20.0,1,8,0.3893473148345947,1.0,1.0,1.0,1.0,1.0,1.0
20,20.0,1,9,0.41227197647094727,1.0,1.0,1.0,1.0,1.0,1.0
20,20.0,1,10,0.4558560848236084,1.0,1.0,1.0,1.0,1.0,1.0
20,20.0,5,1,0.4252476692199707,1.0,1.0,1.0,1.0,1.0,1.0
20,20.0,5,2,0.3779449462890625,1.0,1.0,1.0,1.0,1.0,1.0
20,20.0,5,3,0.3715348243713379,1.0,1.0,1.0,1.0,1.0,1.0
20,20.0,5,4,0.3686079978942871,1.0,1.0,1.0,1.0,1.0,1.0
20,20.0,5,5,0.38269853591918945,1.0,1.0,1.0,1.0,1.0,1.0
20,20.0,5,6,0.41655755043029785,1.0,1.0,1.0,1.0,1.0,1.0
20,20.0,5,7,0.3774721622467041,1.0,1.0,1.0,1.0,1.0,1.0
20,20.0,5,8,0.38984227180480957,1.0,1.0,1.0,1.0,1.0,1.0
20,20.0,5,9,0.3892323970794678,1.0,1.0,1.0,1.0,1.0,1.0
20,20.0,5,10,0.39078426361083984,1.0,1.0,1.0,1.0,1.0,1.0
20,20.0,10,1,0.435563325881958,1.0,1.0,1.0,1.0,1.0,1.0
20,20.0,10,2,0.40924668312072754,1.0,1.0,1.0,1.0,1.0,1.0
20,20.0,10,3,0.36592698097229004,1.0,1.0,1.0,1.0,1.0,1.0
20,20.0,10,4,0.3807370662689209,0.9998006975585451,1.0,0.9996014745441865,1.0,0.9998007372720932,0.9998961121399437
20,20.0,10,5,0.3679385185241699,1.0,1.0,1.0,1.0,1.0,1.0
20,20.0,10,6,0.3631012439727783,1.0,1.0,1.0,1.0,1.0,1.0
20,20.0,10,7,0.37281346321105957,1.0,1.0,1.0,1.0,1.0,1.0
20,20.0,10,8,0.3784365653991699,1.0,1.0,1.0,1.0,1.0,1.0
20,20.0,10,9,0.3644251823425293,0.9999501867995019,0.9999003785614664,1.0,0.9997174343034756,0.9998587171517378,0.9999003785614664
20,20.0,10,10,0.3718864917755127,1.0,1.0,1.0,1.0,1.0,1.0
20,,1,1,0.41081857681274414,1.0,1.0,1.0,1.0,1.0,1.0
20,,1,2,0.4305455684661865,1.0,1.0,1.0,1.0,1.0,1.0
20,,1,3,0.3483114242553711,1.0,1.0,1.0,1.0,1.0,1.0
20,,1,4,0.3833651542663574,1.0,1.0,1.0,1.0,1.0,1.0
20,,1,5,0.40194082260131836,1.0,1.0,1.0,1.0,1.0,1.0
20,,1,6,0.3694617748260498,1.0,1.0,1.0,1.0,1.0,1.0
20,,1,7,0.40201807022094727,1.0,1.0,1.0,1.0,1.0,1.0
20,,1,8,0.3710598945617676,1.0,1.0,1.0,1.0,1.0,1.0
20,,1,9,0.4130594730377197,1.0,1.0,1.0,1.0,1.0,1.0
20,,1,10,0.4504077434539795,1.0,1.0,1.0,1.0,1.0,1.0
20,,5,1,0.4006977081298828,1.0,1.0,1.0,1.0,1.0,1.0
20,,5,2,0.3687264919281006,1.0,1.0,1.0,1.0,1.0,1.0
20,,5,3,0.35802125930786133,1.0,1.0,1.0,1.0,1.0,1.0
20,,5,4,0.3603641986846924,1.0,1.0,1.0,1.0,1.0,1.0
20,,5,5,0.39327383041381836,1.0,1.0,1.0,1.0,1.0,1.0
20,,5,6,0.3909027576446533,1.0,1.0,1.0,1.0,1.0,1.0
20,,5,7,0.36562299728393555,1.0,1.0,1.0,1.0,1.0,1.0
20,,5,8,0.3712046146392822,1.0,1.0,1.0,1.0,1.0,1.0
20,,5,9,0.38504886627197266,1.0,1.0,1.0,1.0,1.0,1.0
20,,5,10,0.3760104179382324,1.0,1.0,1.0,1.0,1.0,1.0
20,,10,1,0.40998125076293945,1.0,1.0,1.0,1.0,1.0,1.0
20,,10,2,0.3734896183013916,1.0,1.0,1.0,1.0,1.0,1.0
20,,10,3,0.3407752513885498,1.0,1.0,1.0,1.0,1.0,1.0
20,,10,4,0.3449854850769043,0.9998006975585451,1.0,0.9996014745441865,1.0,0.9998007372720932,0.9998961121399437
20,,10,5,0.3900027275085449,1.0,1.0,1.0,1.0,1.0,1.0
20,,10,6,0.40663671493530273,1.0,1.0,1.0,1.0,1.0,1.0
20,,10,7,0.34682512283325195,1.0,1.0,1.0,1.0,1.0,1.0
20,,10,8,0.358844518661499,1.0,1.0,1.0,1.0,1.0,1.0
20,,10,9,0.36847543716430664,0.9999501867995019,0.9999003785614664,1.0,0.9997174343034756,0.9998587171517378,0.9999003785614664
20,,10,10,0.37775564193725586,1.0,1.0,1.0,1.0,1.0,1.0
30,10.0,1,1,0.537229061126709,1.0,1.0,1.0,1.0,1.0,1.0
30,10.0,1,2,0.5233464241027832,1.0,1.0,1.0,1.0,1.0,1.0
30,10.0,1,3,0.49058103561401367,1.0,1.0,1.0,1.0,1.0,1.0
30,10.0,1,4,0.4780735969543457,1.0,1.0,1.0,1.0,1.0,1.0
30,10.0,1,5,0.5262281894683838,1.0,1.0,1.0,1.0,1.0,1.0
30,10.0,1,6,0.5043725967407227,1.0,1.0,1.0,1.0,1.0,1.0
30,10.0,1,7,0.5318973064422607,1.0,1.0,1.0,1.0,1.0,1.0
30,10.0,1,8,0.48267221450805664,1.0,1.0,1.0,1.0,1.0,1.0
30,10.0,1,9,0.5132055282592773,1.0,1.0,1.0,1.0,1.0,1.0
30,10.0,1,10,0.5046639442443848,1.0,1.0,1.0,1.0,1.0,1.0
30,10.0,5,1,0.4905581474304199,1.0,1.0,1.0,1.0,1.0,1.0
30,10.0,5,2,0.46291589736938477,1.0,1.0,1.0,1.0,1.0,1.0
30,10.0,5,3,0.5035116672515869,1.0,1.0,1.0,1.0,1.0,1.0
30,10.0,5,4,0.47184228897094727,1.0,1.0,1.0,1.0,1.0,1.0
30,10.0,5,5,0.485459566116333,1.0,1.0,1.0,1.0,1.0,1.0
30,10.0,5,6,0.4866139888763428,0.9999501867995019,0.9999003785614664,1.0,0.9997174343034756,0.9998587171517378,0.9999003785614664
30,10.0,5,7,0.4539461135864258,0.9999003785614664,0.9998007769698177,1.0,0.9994348686069511,0.9997174343034755,0.9998007769698177
30,10.0,5,8,0.48942065238952637,0.9999501867995019,0.9999003785614664,1.0,0.9997174343034756,0.9998587171517378,0.9999003785614664
30,10.0,5,9,0.4962804317474365,1.0,1.0,1.0,1.0,1.0,1.0
30,10.0,5,10,0.4924633502960205,1.0,1.0,1.0,1.0,1.0,1.0
30,10.0,10,1,0.4914510250091553,1.0,1.0,1.0,1.0,1.0,1.0
30,10.0,10,2,0.5231144428253174,0.9999501818362975,1.0,0.9999003686360466,1.0,0.9999501843180233,0.9999740280349859
30,10.0,10,3,0.45757436752319336,1.0,1.0,1.0,1.0,1.0,1.0
30,10.0,10,4,0.46469664573669434,1.0,1.0,1.0,1.0,1.0,1.0
30,10.0,10,5,0.47157788276672363,1.0,1.0,1.0,1.0,1.0,1.0
30,10.0,10,6,0.4882643222808838,1.0,1.0,1.0,1.0,1.0,1.0
30,10.0,10,7,0.46732068061828613,0.9999501867995019,0.9999003785614664,1.0,0.9997174343034756,0.9998587171517378,0.9999003785614664
30,10.0,10,8,0.4774181842803955,1.0,1.0,1.0,1.0,1.0,1.0
30,10.0,10,9,0.5198006629943848,1.0,1.0,1.0,1.0,1.0,1.0
30,10.0,10,10,0.469144344329834,1.0,1.0,1.0,1.0,1.0,1.0
30,20.0,1,1,0.5053045749664307,1.0,1.0,1.0,1.0,1.0,1.0
30,20.0,1,2,0.5299043655395508,1.0,1.0,1.0,1.0,1.0,1.0
30,20.0,1,3,0.5179662704467773,1.0,1.0,1.0,1.0,1.0,1.0
30,20.0,1,4,0.5144059658050537,1.0,1.0,1.0,1.0,1.0,1.0
30,20.0,1,5,0.5339345932006836,1.0,1.0,1.0,1.0,1.0,1.0
30,20.0,1,6,0.5644347667694092,1.0,1.0,1.0,1.0,1.0,1.0
30,20.0,1,7,0.5617222785949707,1.0,1.0,1.0,1.0,1.0,1.0
30,20.0,1,8,0.5390670299530029,1.0,1.0,1.0,1.0,1.0,1.0
30,20.0,1,9,0.5477697849273682,1.0,1.0,1.0,1.0,1.0,1.0
30,20.0,1,10,0.6235640048980713,1.0,1.0,1.0,1.0,1.0,1.0
30,20.0,5,1,0.4939863681793213,1.0,1.0,1.0,1.0,1.0,1.0
30,20.0,5,2,0.472501277923584,1.0,1.0,1.0,1.0,1.0,1.0
30,20.0,5,3,0.48148345947265625,1.0,1.0,1.0,1.0,1.0,1.0
30,20.0,5,4,0.47826147079467773,1.0,1.0,1.0,1.0,1.0,1.0
30,20.0,5,5,0.48599791526794434,0.9999501818362975,1.0,0.9999003686360466,1.0,0.9999501843180233,0.9999740280349859
30,20.0,5,6,0.557960033416748,1.0,1.0,1.0,1.0,1.0,1.0
30,20.0,5,7,0.5021672248840332,1.0,1.0,1.0,1.0,1.0,1.0
30,20.0,5,8,0.48259735107421875,1.0,1.0,1.0,1.0,1.0,1.0
30,20.0,5,9,0.553147554397583,1.0,1.0,1.0,1.0,1.0,1.0
30,20.0,5,10,0.4950132369995117,1.0,1.0,1.0,1.0,1.0,1.0
30,20.0,10,1,0.5000720024108887,1.0,1.0,1.0,1.0,1.0,1.0
30,20.0,10,2,0.5023789405822754,0.9999501818362975,1.0,0.9999003686360466,1.0,0.9999501843180233,0.9999740280349859
30,20.0,10,3,0.471787691116333,1.0,1.0,1.0,1.0,1.0,1.0
30,20.0,10,4,0.5027954578399658,1.0,1.0,1.0,1.0,1.0,1.0
30,20.0,10,5,0.49306321144104004,1.0,1.0,1.0,1.0,1.0,1.0
30,20.0,10,6,0.4984171390533447,1.0,1.0,1.0,1.0,1.0,1.0
30,20.0,10,7,0.49031925201416016,1.0,1.0,1.0,1.0,1.0,1.0
30,20.0,10,8,0.47292447090148926,1.0,1.0,1.0,1.0,1.0,1.0
30,20.0,10,9,0.5299437046051025,1.0,1.0,1.0,1.0,1.0,1.0
30,20.0,10,10,0.5254950523376465,1.0,1.0,1.0,1.0,1.0,1.0
30,,1,1,0.5303688049316406,1.0,1.0,1.0,1.0,1.0,1.0
30,,1,2,0.5573267936706543,1.0,1.0,1.0,1.0,1.0,1.0
30,,1,3,0.5555386543273926,1.0,1.0,1.0,1.0,1.0,1.0
30,,1,4,0.526897668838501,1.0,1.0,1.0,1.0,1.0,1.0
30,,1,5,0.5205643177032471,1.0,1.0,1.0,1.0,1.0,1.0
30,,1,6,0.5897858142852783,1.0,1.0,1.0,1.0,1.0,1.0
30,,1,7,0.5388171672821045,1.0,1.0,1.0,1.0,1.0,1.0
30,,1,8,0.5451641082763672,1.0,1.0,1.0,1.0,1.0,1.0
30,,1,9,0.5302159786224365,1.0,1.0,1.0,1.0,1.0,1.0
30,,1,10,0.5433857440948486,1.0,1.0,1.0,1.0,1.0,1.0
30,,5,1,0.5121676921844482,1.0,1.0,1.0,1.0,1.0,1.0
30,,5,2,0.49538397789001465,1.0,1.0,1.0,1.0,1.0,1.0
30,,5,3,0.48854565620422363,1.0,1.0,1.0,1.0,1.0,1.0
30,,5,4,0.5085048675537109,1.0,1.0,1.0,1.0,1.0,1.0
30,,5,5,0.525932788848877,0.9999501818362975,1.0,0.9999003686360466,1.0,0.9999501843180233,0.9999740280349859
30,,5,6,0.5382153987884521,1.0,1.0,1.0,1.0,1.0,1.0
30,,5,7,0.5244395732879639,1.0,1.0,1.0,1.0,1.0,1.0
30,,5,8,0.5394124984741211,0.9999501867995019,0.9999003785614664,1.0,0.9997174343034756,0.9998587171517378,0.9999003785614664
30,,5,9,0.5776541233062744,1.0,1.0,1.0,1.0,1.0,1.0
30,,5,10,0.5449111461639404,1.0,1.0,1.0,1.0,1.0,1.0
30,,10,1,0.535569429397583,1.0,1.0,1.0,1.0,1.0,1.0
30,,10,2,0.5852451324462891,0.9999501818362975,1.0,0.9999003686360466,1.0,0.9999501843180233,0.9999740280349859
30,,10,3,0.5818014144897461,1.0,1.0,1.0,1.0,1.0,1.0
30,,10,4,0.5715477466583252,1.0,1.0,1.0,1.0,1.0,1.0
30,,10,5,0.5131680965423584,1.0,1.0,1.0,1.0,1.0,1.0
30,,10,6,0.5331075191497803,1.0,1.0,1.0,1.0,1.0,1.0
30,,10,7,0.49998950958251953,1.0,1.0,1.0,1.0,1.0,1.0
30,,10,8,0.520409345626831,1.0,1.0,1.0,1.0,1.0,1.0
30,,10,9,0.5282936096191406,1.0,1.0,1.0,1.0,1.0,1.0
30,,10,10,0.5066344738006592,1.0,1.0,1.0,1.0,1.0,1.0
40,10.0,1,1,0.6500988006591797,1.0,1.0,1.0,1.0,1.0,1.0
40,10.0,1,2,0.6735928058624268,1.0,1.0,1.0,1.0,1.0,1.0
40,10.0,1,3,0.6726539134979248,1.0,1.0,1.0,1.0,1.0,1.0
40,10.0,1,4,0.5817723274230957,1.0,1.0,1.0,1.0,1.0,1.0
40,10.0,1,5,0.668304443359375,1.0,1.0,1.0,1.0,1.0,1.0
40,10.0,1,6,0.6815052032470703,1.0,1.0,1.0,1.0,1.0,1.0
40,10.0,1,7,0.6447052955627441,1.0,1.0,1.0,1.0,1.0,1.0
40,10.0,1,8,0.6266984939575195,1.0,1.0,1.0,1.0,1.0,1.0
40,10.0,1,9,0.6061396598815918,1.0,1.0,1.0,1.0,1.0,1.0
40,10.0,1,10,0.6925578117370605,1.0,1.0,1.0,1.0,1.0,1.0
40,10.0,5,1,0.6299495697021484,1.0,1.0,1.0,1.0,1.0,1.0
40,10.0,5,2,0.644542932510376,1.0,1.0,1.0,1.0,1.0,1.0
40,10.0,5,3,0.6071367263793945,1.0,1.0,1.0,1.0,1.0,1.0
40,10.0,5,4,0.6617743968963623,1.0,1.0,1.0,1.0,1.0,1.0
40,10.0,5,5,0.7212615013122559,1.0,1.0,1.0,1.0,1.0,1.0
40,10.0,5,6,0.6732642650604248,0.9999501867995019,0.9999003785614664,1.0,0.9997174343034756,0.9998587171517378,0.9999003785614664
40,10.0,5,7,0.655200719833374,1.0,1.0,1.0,1.0,1.0,1.0
40,10.0,5,8,0.616175651550293,0.9999501867995019,0.9999003785614664,1.0,0.9997174343034756,0.9998587171517378,0.9999003785614664
40,10.0,5,9,0.6166043281555176,1.0,1.0,1.0,1.0,1.0,1.0
40,10.0,5,10,0.7212743759155273,1.0,1.0,1.0,1.0,1.0,1.0
40,10.0,10,1,0.624025821685791,1.0,1.0,1.0,1.0,1.0,1.0
40,10.0,10,2,0.6223721504211426,1.0,1.0,1.0,1.0,1.0,1.0
40,10.0,10,3,0.596848726272583,1.0,1.0,1.0,1.0,1.0,1.0
40,10.0,10,4,0.6756830215454102,1.0,1.0,1.0,1.0,1.0,1.0
40,10.0,10,5,0.665438175201416,0.9999501867995019,0.9999003785614664,1.0,0.9997174343034756,0.9998587171517378,0.9999003785614664
40,10.0,10,6,0.674710750579834,0.9999501867995019,0.9999003785614664,1.0,0.9997174343034756,0.9998587171517378,0.9999003785614664
40,10.0,10,7,0.6316280364990234,0.9999501867995019,0.9999003785614664,1.0,0.9997174343034756,0.9998587171517378,0.9999003785614664
40,10.0,10,8,0.6484115123748779,1.0,1.0,1.0,1.0,1.0,1.0
40,10.0,10,9,0.6336753368377686,1.0,1.0,1.0,1.0,1.0,1.0
40,10.0,10,10,0.6462697982788086,1.0,1.0,1.0,1.0,1.0,1.0
40,20.0,1,1,0.6774890422821045,1.0,1.0,1.0,1.0,1.0,1.0
40,20.0,1,2,0.733574390411377,1.0,1.0,1.0,1.0,1.0,1.0
40,20.0,1,3,0.6945030689239502,1.0,1.0,1.0,1.0,1.0,1.0
40,20.0,1,4,0.7084064483642578,1.0,1.0,1.0,1.0,1.0,1.0
40,20.0,1,5,0.7235193252563477,1.0,1.0,1.0,1.0,1.0,1.0
40,20.0,1,6,0.7087414264678955,1.0,1.0,1.0,1.0,1.0,1.0
40,20.0,1,7,0.7063636779785156,1.0,1.0,1.0,1.0,1.0,1.0
40,20.0,1,8,0.7417175769805908,1.0,1.0,1.0,1.0,1.0,1.0
40,20.0,1,9,0.651482105255127,1.0,1.0,1.0,1.0,1.0,1.0
40,20.0,1,10,0.7700772285461426,1.0,1.0,1.0,1.0,1.0,1.0
40,20.0,5,1,0.6021084785461426,1.0,1.0,1.0,1.0,1.0,1.0
40,20.0,5,2,0.671217679977417,1.0,1.0,1.0,1.0,1.0,1.0
40,20.0,5,3,0.7011187076568604,1.0,1.0,1.0,1.0,1.0,1.0
40,20.0,5,4,0.6737053394317627,1.0,1.0,1.0,1.0,1.0,1.0
40,20.0,5,5,0.7563581466674805,1.0,1.0,1.0,1.0,1.0,1.0
40,20.0,5,6,0.7225430011749268,1.0,1.0,1.0,1.0,1.0,1.0
40,20.0,5,7,0.6548867225646973,1.0,1.0,1.0,1.0,1.0,1.0
40,20.0,5,8,0.665940523147583,1.0,1.0,1.0,1.0,1.0,1.0
40,20.0,5,9,0.6445755958557129,1.0,1.0,1.0,1.0,1.0,1.0
40,20.0,5,10,0.6791603565216064,1.0,1.0,1.0,1.0,1.0,1.0
40,20.0,10,1,0.6662671566009521,1.0,1.0,1.0,1.0,1.0,1.0
40,20.0,10,2,0.6060264110565186,1.0,1.0,1.0,1.0,1.0,1.0
40,20.0,10,3,0.649202823638916,1.0,1.0,1.0,1.0,1.0,1.0
40,20.0,10,4,0.6443459987640381,1.0,1.0,1.0,1.0,1.0,1.0
40,20.0,10,5,0.6701045036315918,1.0,1.0,1.0,1.0,1.0,1.0
40,20.0,10,6,0.6942932605743408,1.0,1.0,1.0,1.0,1.0,1.0
40,20.0,10,7,0.701655387878418,1.0,1.0,1.0,1.0,1.0,1.0
40,20.0,10,8,0.7044689655303955,1.0,1.0,1.0,1.0,1.0,1.0
40,20.0,10,9,0.6516847610473633,1.0,1.0,1.0,1.0,1.0,1.0
40,20.0,10,10,0.665640115737915,1.0,1.0,1.0,1.0,1.0,1.0
40,,1,1,0.6994998455047607,1.0,1.0,1.0,1.0,1.0,1.0
40,,1,2,0.7234957218170166,1.0,1.0,1.0,1.0,1.0,1.0
40,,1,3,0.6968247890472412,1.0,1.0,1.0,1.0,1.0,1.0
40,,1,4,0.6811976432800293,1.0,1.0,1.0,1.0,1.0,1.0
40,,1,5,0.6781225204467773,1.0,1.0,1.0,1.0,1.0,1.0
40,,1,6,0.7241613864898682,1.0,1.0,1.0,1.0,1.0,1.0
40,,1,7,0.6611547470092773,1.0,1.0,1.0,1.0,1.0,1.0
40,,1,8,0.6811182498931885,1.0,1.0,1.0,1.0,1.0,1.0
40,,1,9,0.7258491516113281,1.0,1.0,1.0,1.0,1.0,1.0
40,,1,10,0.766714334487915,1.0,1.0,1.0,1.0,1.0,1.0
40,,5,1,0.675682783126831,1.0,1.0,1.0,1.0,1.0,1.0
40,,5,2,0.6913790702819824,1.0,1.0,1.0,1.0,1.0,1.0
40,,5,3,0.7331690788269043,1.0,1.0,1.0,1.0,1.0,1.0
40,,5,4,0.6355364322662354,1.0,1.0,1.0,1.0,1.0,1.0
40,,5,5,0.692054271697998,1.0,1.0,1.0,1.0,1.0,1.0
40,,5,6,0.7037475109100342,1.0,1.0,1.0,1.0,1.0,1.0
40,,5,7,0.6279942989349365,1.0,1.0,1.0,1.0,1.0,1.0
40,,5,8,0.6773619651794434,1.0,1.0,1.0,1.0,1.0,1.0
40,,5,9,0.708371639251709,1.0,1.0,1.0,1.0,1.0,1.0
40,,5,10,0.7275004386901855,1.0,1.0,1.0,1.0,1.0,1.0
40,,10,1,0.6275651454925537,1.0,1.0,1.0,1.0,1.0,1.0
40,,10,2,0.6158010959625244,1.0,1.0,1.0,1.0,1.0,1.0
40,,10,3,0.6195595264434814,1.0,1.0,1.0,1.0,1.0,1.0
40,,10,4,0.6714484691619873,1.0,1.0,1.0,1.0,1.0,1.0
40,,10,5,0.7156713008880615,1.0,1.0,1.0,1.0,1.0,1.0
40,,10,6,0.6720149517059326,1.0,1.0,1.0,1.0,1.0,1.0
40,,10,7,0.6109189987182617,1.0,1.0,1.0,1.0,1.0,1.0
40,,10,8,0.752314567565918,1.0,1.0,1.0,1.0,1.0,1.0
40,,10,9,0.6647326946258545,1.0,1.0,1.0,1.0,1.0,1.0
40,,10,10,0.9045372009277344,1.0,1.0,1.0,1.0,1.0,1.0
50,10.0,1,1,0.9398226737976074,1.0,1.0,1.0,1.0,1.0,1.0
50,10.0,1,2,0.921457052230835,1.0,1.0,1.0,1.0,1.0,1.0
50,10.0,1,3,0.9067139625549316,1.0,1.0,1.0,1.0,1.0,1.0
50,10.0,1,4,0.971397876739502,1.0,1.0,1.0,1.0,1.0,1.0
50,10.0,1,5,0.8677241802215576,1.0,1.0,1.0,1.0,1.0,1.0
50,10.0,1,6,0.846778392791748,1.0,1.0,1.0,1.0,1.0,1.0
50,10.0,1,7,0.8456714153289795,1.0,1.0,1.0,1.0,1.0,1.0
50,10.0,1,8,1.0256116390228271,1.0,1.0,1.0,1.0,1.0,1.0
50,10.0,1,9,0.9286916255950928,1.0,1.0,1.0,1.0,1.0,1.0
50,10.0,1,10,0.9157323837280273,1.0,1.0,1.0,1.0,1.0,1.0
50,10.0,5,1,0.8148841857910156,1.0,1.0,1.0,1.0,1.0,1.0
50,10.0,5,2,0.8067636489868164,1.0,1.0,1.0,1.0,1.0,1.0
50,10.0,5,3,0.7939693927764893,1.0,1.0,1.0,1.0,1.0,1.0
50,10.0,5,4,0.8124525547027588,1.0,1.0,1.0,1.0,1.0,1.0
50,10.0,5,5,0.8360967636108398,1.0,1.0,1.0,1.0,1.0,1.0
50,10.0,5,6,0.8213279247283936,0.9999501867995019,0.9999003785614664,1.0,0.9997174343034756,0.9998587171517378,0.9999003785614664
50,10.0,5,7,0.823699951171875,1.0,1.0,1.0,1.0,1.0,1.0
50,10.0,5,8,0.7960071563720703,0.9999501867995019,0.9999003785614664,1.0,0.9997174343034756,0.9998587171517378,0.9999003785614664
50,10.0,5,9,0.7714674472808838,1.0,1.0,1.0,1.0,1.0,1.0
50,10.0,5,10,0.814307689666748,1.0,1.0,1.0,1.0,1.0,1.0
50,10.0,10,1,0.7924494743347168,1.0,1.0,1.0,1.0,1.0,1.0
50,10.0,10,2,0.7131390571594238,1.0,1.0,1.0,1.0,1.0,1.0
50,10.0,10,3,0.7144453525543213,1.0,1.0,1.0,1.0,1.0,1.0
50,10.0,10,4,0.7357778549194336,1.0,1.0,1.0,1.0,1.0,1.0
50,10.0,10,5,0.7660272121429443,1.0,1.0,1.0,1.0,1.0,1.0
50,10.0,10,6,0.8531012535095215,1.0,1.0,1.0,1.0,1.0,1.0
50,10.0,10,7,0.8025310039520264,1.0,1.0,1.0,1.0,1.0,1.0
50,10.0,10,8,0.7567813396453857,1.0,1.0,1.0,1.0,1.0,1.0
50,10.0,10,9,0.8225994110107422,1.0,1.0,1.0,1.0,1.0,1.0
50,10.0,10,10,0.7952172756195068,1.0,1.0,1.0,1.0,1.0,1.0
50,20.0,1,1,0.7987167835235596,1.0,1.0,1.0,1.0,1.0,1.0
50,20.0,1,2,0.831228494644165,1.0,1.0,1.0,1.0,1.0,1.0
50,20.0,1,3,0.8154637813568115,1.0,1.0,1.0,1.0,1.0,1.0
50,20.0,1,4,0.8540380001068115,1.0,1.0,1.0,1.0,1.0,1.0
50,20.0,1,5,0.8025338649749756,1.0,1.0,1.0,1.0,1.0,1.0
50,20.0,1,6,0.7648043632507324,1.0,1.0,1.0,1.0,1.0,1.0
50,20.0,1,7,0.8352158069610596,1.0,1.0,1.0,1.0,1.0,1.0
50,20.0,1,8,0.7967245578765869,1.0,1.0,1.0,1.0,1.0,1.0
50,20.0,1,9,0.8530220985412598,1.0,1.0,1.0,1.0,1.0,1.0
50,20.0,1,10,0.8977808952331543,1.0,1.0,1.0,1.0,1.0,1.0
50,20.0,5,1,0.8017616271972656,1.0,1.0,1.0,1.0,1.0,1.0
50,20.0,5,2,0.7824220657348633,1.0,1.0,1.0,1.0,1.0,1.0
50,20.0,5,3,0.8241128921508789,1.0,1.0,1.0,1.0,1.0,1.0
50,20.0,5,4,0.8533735275268555,1.0,1.0,1.0,1.0,1.0,1.0
50,20.0,5,5,0.8044426441192627,1.0,1.0,1.0,1.0,1.0,1.0
50,20.0,5,6,0.8264808654785156,1.0,1.0,1.0,1.0,1.0,1.0
50,20.0,5,7,0.8893094062805176,1.0,1.0,1.0,1.0,1.0,1.0
50,20.0,5,8,0.8387374877929688,1.0,1.0,1.0,1.0,1.0,1.0
50,20.0,5,9,0.8094263076782227,1.0,1.0,1.0,1.0,1.0,1.0
50,20.0,5,10,0.8311958312988281,1.0,1.0,1.0,1.0,1.0,1.0
50,20.0,10,1,0.8415918350219727,1.0,1.0,1.0,1.0,1.0,1.0
50,20.0,10,2,0.7501070499420166,1.0,1.0,1.0,1.0,1.0,1.0
50,20.0,10,3,0.7709674835205078,1.0,1.0,1.0,1.0,1.0,1.0
50,20.0,10,4,0.8516213893890381,1.0,1.0,1.0,1.0,1.0,1.0
50,20.0,10,5,0.9190917015075684,1.0,1.0,1.0,1.0,1.0,1.0
50,20.0,10,6,0.8868889808654785,1.0,1.0,1.0,1.0,1.0,1.0
50,20.0,10,7,0.8675799369812012,1.0,1.0,1.0,1.0,1.0,1.0
50,20.0,10,8,0.8282899856567383,1.0,1.0,1.0,1.0,1.0,1.0
50,20.0,10,9,0.8366467952728271,1.0,1.0,1.0,1.0,1.0,1.0
50,20.0,10,10,0.8260385990142822,1.0,1.0,1.0,1.0,1.0,1.0
50,,1,1,0.9061291217803955,1.0,1.0,1.0,1.0,1.0,1.0
50,,1,2,0.8893380165100098,1.0,1.0,1.0,1.0,1.0,1.0
50,,1,3,0.9346704483032227,1.0,1.0,1.0,1.0,1.0,1.0
50,,1,4,0.889793872833252,1.0,1.0,1.0,1.0,1.0,1.0
50,,1,5,0.8206350803375244,1.0,1.0,1.0,1.0,1.0,1.0
50,,1,6,0.8834030628204346,1.0,1.0,1.0,1.0,1.0,1.0
50,,1,7,0.8622472286224365,1.0,1.0,1.0,1.0,1.0,1.0
50,,1,8,0.8616044521331787,1.0,1.0,1.0,1.0,1.0,1.0
50,,1,9,0.8741283416748047,1.0,1.0,1.0,1.0,1.0,1.0
50,,1,10,0.9437894821166992,1.0,1.0,1.0,1.0,1.0,1.0
50,,5,1,0.7654805183410645,1.0,1.0,1.0,1.0,1.0,1.0
50,,5,2,0.7876815795898438,1.0,1.0,1.0,1.0,1.0,1.0
50,,5,3,0.8813300132751465,1.0,1.0,1.0,1.0,1.0,1.0
50,,5,4,0.8162453174591064,1.0,1.0,1.0,1.0,1.0,1.0
50,,5,5,0.7549881935119629,1.0,1.0,1.0,1.0,1.0,1.0
50,,5,6,0.8660950660705566,1.0,1.0,1.0,1.0,1.0,1.0
50,,5,7,0.7862169742584229,1.0,1.0,1.0,1.0,1.0,1.0
50,,5,8,0.7991557121276855,1.0,1.0,1.0,1.0,1.0,1.0
50,,5,9,0.820338249206543,1.0,1.0,1.0,1.0,1.0,1.0
50,,5,10,0.833566427230835,1.0,1.0,1.0,1.0,1.0,1.0
50,,10,1,0.8334498405456543,1.0,1.0,1.0,1.0,1.0,1.0
50,,10,2,0.7915294170379639,1.0,1.0,1.0,1.0,1.0,1.0
50,,10,3,0.7807652950286865,1.0,1.0,1.0,1.0,1.0,1.0
50,,10,4,0.8005633354187012,1.0,1.0,1.0,1.0,1.0,1.0
50,,10,5,0.8171391487121582,1.0,1.0,1.0,1.0,1.0,1.0
50,,10,6,0.8119263648986816,1.0,1.0,1.0,1.0,1.0,1.0
50,,10,7,0.7882635593414307,1.0,1.0,1.0,1.0,1.0,1.0
50,,10,8,0.7568962574005127,1.0,1.0,1.0,1.0,1.0,1.0
50,,10,9,0.8324041366577148,1.0,1.0,1.0,1.0,1.0,1.0
50,,10,10,0.8506734371185303,1.0,1.0,1.0,1.0,1.0,1.0
60,10.0,1,1,0.9434967041015625,1.0,1.0,1.0,1.0,1.0,1.0
60,10.0,1,2,0.952390193939209,1.0,1.0,1.0,1.0,1.0,1.0
60,10.0,1,3,0.9244515895843506,1.0,1.0,1.0,1.0,1.0,1.0
60,10.0,1,4,0.9354240894317627,1.0,1.0,1.0,1.0,1.0,1.0
60,10.0,1,5,0.9685513973236084,1.0,1.0,1.0,1.0,1.0,1.0
60,10.0,1,6,1.0084831714630127,1.0,1.0,1.0,1.0,1.0,1.0
60,10.0,1,7,0.943065881729126,1.0,1.0,1.0,1.0,1.0,1.0
60,10.0,1,8,0.9887547492980957,1.0,1.0,1.0,1.0,1.0,1.0
60,10.0,1,9,0.9419291019439697,1.0,1.0,1.0,1.0,1.0,1.0
60,10.0,1,10,0.9761533737182617,1.0,1.0,1.0,1.0,1.0,1.0
60,10.0,5,1,0.9301340579986572,1.0,1.0,1.0,1.0,1.0,1.0
60,10.0,5,2,0.9704468250274658,1.0,1.0,1.0,1.0,1.0,1.0
60,10.0,5,3,0.847787618637085,1.0,1.0,1.0,1.0,1.0,1.0
60,10.0,5,4,0.8966591358184814,1.0,1.0,1.0,1.0,1.0,1.0
60,10.0,5,5,0.9311814308166504,1.0,1.0,1.0,1.0,1.0,1.0
60,10.0,5,6,0.8917958736419678,1.0,1.0,1.0,1.0,1.0,1.0
60,10.0,5,7,0.8764441013336182,1.0,1.0,1.0,1.0,1.0,1.0
60,10.0,5,8,0.9400506019592285,1.0,1.0,1.0,1.0,1.0,1.0
60,10.0,5,9,0.9611213207244873,1.0,1.0,1.0,1.0,1.0,1.0
60,10.0,5,10,0.9880492687225342,1.0,1.0,1.0,1.0,1.0,1.0
60,10.0,10,1,0.8900885581970215,1.0,1.0,1.0,1.0,1.0,1.0
60,10.0,10,2,0.952531099319458,1.0,1.0,1.0,1.0,1.0,1.0
60,10.0,10,3,0.9720783233642578,1.0,1.0,1.0,1.0,1.0,1.0
60,10.0,10,4,0.9474284648895264,1.0,1.0,1.0,1.0,1.0,1.0
60,10.0,10,5,1.0356454849243164,1.0,1.0,1.0,1.0,1.0,1.0
60,10.0,10,6,1.0509140491485596,1.0,1.0,1.0,1.0,1.0,1.0
60,10.0,10,7,0.945643424987793,1.0,1.0,1.0,1.0,1.0,1.0
60,10.0,10,8,0.9479138851165771,1.0,1.0,1.0,1.0,1.0,1.0
60,10.0,10,9,0.9999897480010986,1.0,1.0,1.0,1.0,1.0,1.0
60,10.0,10,10,0.9908761978149414,1.0,1.0,1.0,1.0,1.0,1.0
60,20.0,1,1,0.9998445510864258,1.0,1.0,1.0,1.0,1.0,1.0
60,20.0,1,2,1.0468463897705078,1.0,1.0,1.0,1.0,1.0,1.0
60,20.0,1,3,1.071826457977295,1.0,1.0,1.0,1.0,1.0,1.0
60,20.0,1,4,1.1356446743011475,1.0,1.0,1.0,1.0,1.0,1.0
60,20.0,1,5,1.0560119152069092,1.0,1.0,1.0,1.0,1.0,1.0
60,20.0,1,6,1.0434350967407227,1.0,1.0,1.0,1.0,1.0,1.0
60,20.0,1,7,0.9548020362854004,1.0,1.0,1.0,1.0,1.0,1.0
60,20.0,1,8,0.9311840534210205,1.0,1.0,1.0,1.0,1.0,1.0
60,20.0,1,9,0.9426271915435791,1.0,1.0,1.0,1.0,1.0,1.0
60,20.0,1,10,0.9941110610961914,1.0,1.0,1.0,1.0,1.0,1.0
60,20.0,5,1,0.8934330940246582,1.0,1.0,1.0,1.0,1.0,1.0
60,20.0,5,2,0.8794345855712891,1.0,1.0,1.0,1.0,1.0,1.0
60,20.0,5,3,0.8926725387573242,1.0,1.0,1.0,1.0,1.0,1.0
60,20.0,5,4,0.9161722660064697,1.0,1.0,1.0,1.0,1.0,1.0
60,20.0,5,5,0.9418191909790039,1.0,1.0,1.0,1.0,1.0,1.0
60,20.0,5,6,0.9029836654663086,1.0,1.0,1.0,1.0,1.0,1.0
60,20.0,5,7,0.9536957740783691,1.0,1.0,1.0,1.0,1.0,1.0
60,20.0,5,8,0.8928837776184082,1.0,1.0,1.0,1.0,1.0,1.0
60,20.0,5,9,0.9637248516082764,1.0,1.0,1.0,1.0,1.0,1.0
60,20.0,5,10,0.8900432586669922,1.0,1.0,1.0,1.0,1.0,1.0
60,20.0,10,1,0.8946568965911865,1.0,1.0,1.0,1.0,1.0,1.0
60,20.0,10,2,0.8749289512634277,1.0,1.0,1.0,1.0,1.0,1.0
60,20.0,10,3,0.8987007141113281,1.0,1.0,1.0,1.0,1.0,1.0
60,20.0,10,4,0.9133355617523193,1.0,1.0,1.0,1.0,1.0,1.0
60,20.0,10,5,0.9290189743041992,1.0,1.0,1.0,1.0,1.0,1.0
60,20.0,10,6,0.9039852619171143,1.0,1.0,1.0,1.0,1.0,1.0
60,20.0,10,7,0.843055248260498,1.0,1.0,1.0,1.0,1.0,1.0
60,20.0,10,8,0.9088442325592041,1.0,1.0,1.0,1.0,1.0,1.0
60,20.0,10,9,1.0046708583831787,1.0,1.0,1.0,1.0,1.0,1.0
60,20.0,10,10,0.9764606952667236,1.0,1.0,1.0,1.0,1.0,1.0
60,,1,1,1.0357072353363037,1.0,1.0,1.0,1.0,1.0,1.0
60,,1,2,1.0051181316375732,1.0,1.0,1.0,1.0,1.0,1.0
60,,1,3,0.9564299583435059,1.0,1.0,1.0,1.0,1.0,1.0
60,,1,4,0.9986813068389893,1.0,1.0,1.0,1.0,1.0,1.0
60,,1,5,1.0045545101165771,1.0,1.0,1.0,1.0,1.0,1.0
60,,1,6,0.9497308731079102,1.0,1.0,1.0,1.0,1.0,1.0
60,,1,7,0.9150166511535645,1.0,1.0,1.0,1.0,1.0,1.0
60,,1,8,0.8737411499023438,1.0,1.0,1.0,1.0,1.0,1.0
60,,1,9,0.9526674747467041,1.0,1.0,1.0,1.0,1.0,1.0
60,,1,10,0.9334867000579834,1.0,1.0,1.0,1.0,1.0,1.0
60,,5,1,0.8953673839569092,1.0,1.0,1.0,1.0,1.0,1.0
60,,5,2,0.8606460094451904,1.0,1.0,1.0,1.0,1.0,1.0
60,,5,3,0.8803400993347168,1.0,1.0,1.0,1.0,1.0,1.0
60,,5,4,0.8910136222839355,1.0,1.0,1.0,1.0,1.0,1.0
60,,5,5,0.8602511882781982,1.0,1.0,1.0,1.0,1.0,1.0
60,,5,6,0.9514999389648438,1.0,1.0,1.0,1.0,1.0,1.0
60,,5,7,0.9159822463989258,1.0,1.0,1.0,1.0,1.0,1.0
60,,5,8,0.8649389743804932,1.0,1.0,1.0,1.0,1.0,1.0
60,,5,9,0.8934392929077148,1.0,1.0,1.0,1.0,1.0,1.0
60,,5,10,0.892911434173584,1.0,1.0,1.0,1.0,1.0,1.0
60,,10,1,0.8473987579345703,1.0,1.0,1.0,1.0,1.0,1.0
60,,10,2,0.8740293979644775,1.0,1.0,1.0,1.0,1.0,1.0
60,,10,3,0.9041945934295654,1.0,1.0,1.0,1.0,1.0,1.0
60,,10,4,0.9133780002593994,1.0,1.0,1.0,1.0,1.0,1.0
60,,10,5,0.9521346092224121,1.0,1.0,1.0,1.0,1.0,1.0
60,,10,6,0.9037978649139404,1.0,1.0,1.0,1.0,1.0,1.0
60,,10,7,0.8938188552856445,1.0,1.0,1.0,1.0,1.0,1.0
60,,10,8,0.9168550968170166,1.0,1.0,1.0,1.0,1.0,1.0
60,,10,9,0.8969457149505615,1.0,1.0,1.0,1.0,1.0,1.0
60,,10,10,0.9639592170715332,1.0,1.0,1.0,1.0,1.0,1.0
70,10.0,1,1,1.1065802574157715,1.0,1.0,1.0,1.0,1.0,1.0
70,10.0,1,2,1.0570056438446045,1.0,1.0,1.0,1.0,1.0,1.0
70,10.0,1,3,1.023033857345581,1.0,1.0,1.0,1.0,1.0,1.0
70,10.0,1,4,1.029064655303955,1.0,1.0,1.0,1.0,1.0,1.0
70,10.0,1,5,1.0118110179901123,1.0,1.0,1.0,1.0,1.0,1.0
70,10.0,1,6,1.133208990097046,1.0,1.0,1.0,1.0,1.0,1.0
70,10.0,1,7,1.017442226409912,1.0,1.0,1.0,1.0,1.0,1.0
70,10.0,1,8,1.0072722434997559,1.0,1.0,1.0,1.0,1.0,1.0
70,10.0,1,9,1.060553789138794,1.0,1.0,1.0,1.0,1.0,1.0
70,10.0,1,10,1.0537548065185547,1.0,1.0,1.0,1.0,1.0,1.0
70,10.0,5,1,0.9475712776184082,1.0,1.0,1.0,1.0,1.0,1.0
70,10.0,5,2,1.0742411613464355,1.0,1.0,1.0,1.0,1.0,1.0
70,10.0,5,3,1.1042582988739014,1.0,1.0,1.0,1.0,1.0,1.0
70,10.0,5,4,1.0288982391357422,1.0,1.0,1.0,1.0,1.0,1.0
70,10.0,5,5,1.087904453277588,1.0,1.0,1.0,1.0,1.0,1.0
70,10.0,5,6,1.0464050769805908,1.0,1.0,1.0,1.0,1.0,1.0
70,10.0,5,7,1.016660213470459,1.0,1.0,1.0,1.0,1.0,1.0
70,10.0,5,8,1.0878558158874512,1.0,1.0,1.0,1.0,1.0,1.0
70,10.0,5,9,0.9945783615112305,1.0,1.0,1.0,1.0,1.0,1.0
70,10.0,5,10,1.0016775131225586,1.0,1.0,1.0,1.0,1.0,1.0
70,10.0,10,1,1.0241127014160156,1.0,1.0,1.0,1.0,1.0,1.0
70,10.0,10,2,0.9840195178985596,1.0,1.0,1.0,1.0,1.0,1.0
70,10.0,10,3,0.9543361663818359,1.0,1.0,1.0,1.0,1.0,1.0
70,10.0,10,4,0.9563891887664795,1.0,1.0,1.0,1.0,1.0,1.0
70,10.0,10,5,1.024226188659668,1.0,1.0,1.0,1.0,1.0,1.0
70,10.0,10,6,1.0115289688110352,1.0,1.0,1.0,1.0,1.0,1.0
70,10.0,10,7,0.9884154796600342,1.0,1.0,1.0,1.0,1.0,1.0
70,10.0,10,8,0.9586515426635742,1.0,1.0,1.0,1.0,1.0,1.0
70,10.0,10,9,0.9814987182617188,1.0,1.0,1.0,1.0,1.0,1.0
70,10.0,10,10,0.9816639423370361,1.0,1.0,1.0,1.0,1.0,1.0
70,20.0,1,1,1.0904908180236816,1.0,1.0,1.0,1.0,1.0,1.0
70,20.0,1,2,1.0663864612579346,1.0,1.0,1.0,1.0,1.0,1.0
70,20.0,1,3,1.0837821960449219,1.0,1.0,1.0,1.0,1.0,1.0
70,20.0,1,4,1.1001079082489014,1.0,1.0,1.0,1.0,1.0,1.0
70,20.0,1,5,1.1216511726379395,1.0,1.0,1.0,1.0,1.0,1.0
70,20.0,1,6,1.1206605434417725,1.0,1.0,1.0,1.0,1.0,1.0
70,20.0,1,7,1.1116361618041992,1.0,1.0,1.0,1.0,1.0,1.0
70,20.0,1,8,1.0671360492706299,1.0,1.0,1.0,1.0,1.0,1.0
70,20.0,1,9,1.0863122940063477,1.0,1.0,1.0,1.0,1.0,1.0
70,20.0,1,10,1.1431245803833008,1.0,1.0,1.0,1.0,1.0,1.0
70,20.0,5,1,1.011190414428711,1.0,1.0,1.0,1.0,1.0,1.0
70,20.0,5,2,1.0528383255004883,1.0,1.0,1.0,1.0,1.0,1.0
70,20.0,5,3,1.0570285320281982,1.0,1.0,1.0,1.0,1.0,1.0
70,20.0,5,4,1.0545804500579834,1.0,1.0,1.0,1.0,1.0,1.0
70,20.0,5,5,1.034925937652588,1.0,1.0,1.0,1.0,1.0,1.0
70,20.0,5,6,1.0470285415649414,1.0,1.0,1.0,1.0,1.0,1.0
70,20.0,5,7,1.0029473304748535,1.0,1.0,1.0,1.0,1.0,1.0
70,20.0,5,8,1.0550270080566406,1.0,1.0,1.0,1.0,1.0,1.0
70,20.0,5,9,1.037463665008545,1.0,1.0,1.0,1.0,1.0,1.0
70,20.0,5,10,1.0432536602020264,1.0,1.0,1.0,1.0,1.0,1.0
70,20.0,10,1,1.0502805709838867,1.0,1.0,1.0,1.0,1.0,1.0
70,20.0,10,2,0.9812290668487549,1.0,1.0,1.0,1.0,1.0,1.0
70,20.0,10,3,0.9848806858062744,1.0,1.0,1.0,1.0,1.0,1.0
70,20.0,10,4,0.9837203025817871,1.0,1.0,1.0,1.0,1.0,1.0
70,20.0,10,5,1.0264453887939453,1.0,1.0,1.0,1.0,1.0,1.0
70,20.0,10,6,1.0251986980438232,1.0,1.0,1.0,1.0,1.0,1.0
70,20.0,10,7,0.9605374336242676,1.0,1.0,1.0,1.0,1.0,1.0
70,20.0,10,8,0.9806580543518066,1.0,1.0,1.0,1.0,1.0,1.0
70,20.0,10,9,1.0401592254638672,1.0,1.0,1.0,1.0,1.0,1.0
70,20.0,10,10,0.9992587566375732,1.0,1.0,1.0,1.0,1.0,1.0
70,,1,1,1.0900661945343018,1.0,1.0,1.0,1.0,1.0,1.0
70,,1,2,1.0848665237426758,1.0,1.0,1.0,1.0,1.0,1.0
70,,1,3,1.0805752277374268,1.0,1.0,1.0,1.0,1.0,1.0
70,,1,4,1.131824016571045,1.0,1.0,1.0,1.0,1.0,1.0
70,,1,5,1.097156286239624,1.0,1.0,1.0,1.0,1.0,1.0
70,,1,6,1.1035592555999756,1.0,1.0,1.0,1.0,1.0,1.0
70,,1,7,1.0578844547271729,1.0,1.0,1.0,1.0,1.0,1.0
70,,1,8,1.0624499320983887,1.0,1.0,1.0,1.0,1.0,1.0
70,,1,9,1.0917036533355713,1.0,1.0,1.0,1.0,1.0,1.0
70,,1,10,1.1368074417114258,1.0,1.0,1.0,1.0,1.0,1.0
70,,5,1,1.0482759475708008,1.0,1.0,1.0,1.0,1.0,1.0
70,,5,2,1.0313732624053955,1.0,1.0,1.0,1.0,1.0,1.0
70,,5,3,1.0334219932556152,1.0,1.0,1.0,1.0,1.0,1.0
70,,5,4,1.000718593597412,1.0,1.0,1.0,1.0,1.0,1.0
70,,5,5,1.1081156730651855,1.0,1.0,1.0,1.0,1.0,1.0
70,,5,6,1.1309149265289307,1.0,1.0,1.0,1.0,1.0,1.0
70,,5,7,1.0451164245605469,1.0,1.0,1.0,1.0,1.0,1.0
70,,5,8,0.9943256378173828,1.0,1.0,1.0,1.0,1.0,1.0
70,,5,9,1.019101858139038,1.0,1.0,1.0,1.0,1.0,1.0
70,,5,10,1.0211637020111084,1.0,1.0,1.0,1.0,1.0,1.0
70,,10,1,1.0041592121124268,1.0,1.0,1.0,1.0,1.0,1.0
70,,10,2,0.954200267791748,1.0,1.0,1.0,1.0,1.0,1.0
70,,10,3,0.9917967319488525,1.0,1.0,1.0,1.0,1.0,1.0
70,,10,4,1.0019643306732178,1.0,1.0,1.0,1.0,1.0,1.0
70,,10,5,1.014294147491455,1.0,1.0,1.0,1.0,1.0,1.0
70,,10,6,1.0187151432037354,1.0,1.0,1.0,1.0,1.0,1.0
70,,10,7,1.015256404876709,1.0,1.0,1.0,1.0,1.0,1.0
70,,10,8,0.9983289241790771,1.0,1.0,1.0,1.0,1.0,1.0
70,,10,9,1.0411522388458252,1.0,1.0,1.0,1.0,1.0,1.0
70,,10,10,1.0776088237762451,1.0,1.0,1.0,1.0,1.0,1.0
80,10.0,1,1,1.2296547889709473,1.0,1.0,1.0,1.0,1.0,1.0
80,10.0,1,2,1.1884143352508545,1.0,1.0,1.0,1.0,1.0,1.0
80,10.0,1,3,1.2586829662322998,1.0,1.0,1.0,1.0,1.0,1.0
80,10.0,1,4,1.30271315574646,1.0,1.0,1.0,1.0,1.0,1.0
80,10.0,1,5,1.2560296058654785,1.0,1.0,1.0,1.0,1.0,1.0
80,10.0,1,6,1.3366334438323975,1.0,1.0,1.0,1.0,1.0,1.0
80,10.0,1,7,1.184891700744629,1.0,1.0,1.0,1.0,1.0,1.0
80,10.0,1,8,1.1866185665130615,1.0,1.0,1.0,1.0,1.0,1.0
80,10.0,1,9,1.2444307804107666,1.0,1.0,1.0,1.0,1.0,1.0
80,10.0,1,10,1.333479404449463,1.0,1.0,1.0,1.0,1.0,1.0
80,10.0,5,1,1.1711599826812744,1.0,1.0,1.0,1.0,1.0,1.0
80,10.0,5,2,1.1910066604614258,1.0,1.0,1.0,1.0,1.0,1.0
80,10.0,5,3,1.1773059368133545,1.0,1.0,1.0,1.0,1.0,1.0
80,10.0,5,4,1.2343430519104004,1.0,1.0,1.0,1.0,1.0,1.0
80,10.0,5,5,1.1362218856811523,1.0,1.0,1.0,1.0,1.0,1.0
80,10.0,5,6,1.2629070281982422,1.0,1.0,1.0,1.0,1.0,1.0
80,10.0,5,7,1.1801226139068604,1.0,1.0,1.0,1.0,1.0,1.0
80,10.0,5,8,1.1745212078094482,1.0,1.0,1.0,1.0,1.0,1.0
80,10.0,5,9,1.1311688423156738,1.0,1.0,1.0,1.0,1.0,1.0
80,10.0,5,10,1.1512155532836914,1.0,1.0,1.0,1.0,1.0,1.0
80,10.0,10,1,1.1609292030334473,1.0,1.0,1.0,1.0,1.0,1.0
80,10.0,10,2,1.141106128692627,1.0,1.0,1.0,1.0,1.0,1.0
80,10.0,10,3,1.1405730247497559,1.0,1.0,1.0,1.0,1.0,1.0
80,10.0,10,4,1.2172651290893555,1.0,1.0,1.0,1.0,1.0,1.0
80,10.0,10,5,1.1113827228546143,1.0,1.0,1.0,1.0,1.0,1.0
80,10.0,10,6,1.0861382484436035,1.0,1.0,1.0,1.0,1.0,1.0
80,10.0,10,7,1.0675852298736572,1.0,1.0,1.0,1.0,1.0,1.0
80,10.0,10,8,1.1405706405639648,1.0,1.0,1.0,1.0,1.0,1.0
80,10.0,10,9,1.179877758026123,1.0,1.0,1.0,1.0,1.0,1.0
80,10.0,10,10,1.138791799545288,1.0,1.0,1.0,1.0,1.0,1.0
80,20.0,1,1,1.2007720470428467,1.0,1.0,1.0,1.0,1.0,1.0
80,20.0,1,2,1.231626272201538,1.0,1.0,1.0,1.0,1.0,1.0
80,20.0,1,3,1.2184927463531494,1.0,1.0,1.0,1.0,1.0,1.0
80,20.0,1,4,1.2713634967803955,1.0,1.0,1.0,1.0,1.0,1.0
80,20.0,1,5,1.131941318511963,1.0,1.0,1.0,1.0,1.0,1.0
80,20.0,1,6,1.2500581741333008,1.0,1.0,1.0,1.0,1.0,1.0
80,20.0,1,7,1.238696813583374,1.0,1.0,1.0,1.0,1.0,1.0
80,20.0,1,8,1.2347521781921387,1.0,1.0,1.0,1.0,1.0,1.0
80,20.0,1,9,1.310168743133545,1.0,1.0,1.0,1.0,1.0,1.0
80,20.0,1,10,1.3213589191436768,1.0,1.0,1.0,1.0,1.0,1.0
80,20.0,5,1,1.1363492012023926,1.0,1.0,1.0,1.0,1.0,1.0
80,20.0,5,2,1.257582187652588,1.0,1.0,1.0,1.0,1.0,1.0
80,20.0,5,3,1.3057432174682617,1.0,1.0,1.0,1.0,1.0,1.0
80,20.0,5,4,1.1863117218017578,1.0,1.0,1.0,1.0,1.0,1.0
80,20.0,5,5,1.2137935161590576,1.0,1.0,1.0,1.0,1.0,1.0
80,20.0,5,6,1.271876335144043,1.0,1.0,1.0,1.0,1.0,1.0
80,20.0,5,7,1.2621614933013916,1.0,1.0,1.0,1.0,1.0,1.0
80,20.0,5,8,1.1446971893310547,1.0,1.0,1.0,1.0,1.0,1.0
80,20.0,5,9,1.1972289085388184,1.0,1.0,1.0,1.0,1.0,1.0
80,20.0,5,10,1.1623945236206055,1.0,1.0,1.0,1.0,1.0,1.0
80,20.0,10,1,1.1398398876190186,1.0,1.0,1.0,1.0,1.0,1.0
80,20.0,10,2,1.1469478607177734,1.0,1.0,1.0,1.0,1.0,1.0
80,20.0,10,3,1.173698902130127,1.0,1.0,1.0,1.0,1.0,1.0
80,20.0,10,4,1.228339672088623,1.0,1.0,1.0,1.0,1.0,1.0
80,20.0,10,5,1.1602234840393066,1.0,1.0,1.0,1.0,1.0,1.0
80,20.0,10,6,1.1584584712982178,1.0,1.0,1.0,1.0,1.0,1.0
80,20.0,10,7,1.1491148471832275,1.0,1.0,1.0,1.0,1.0,1.0
80,20.0,10,8,1.1747992038726807,1.0,1.0,1.0,1.0,1.0,1.0
80,20.0,10,9,1.1465647220611572,1.0,1.0,1.0,1.0,1.0,1.0
80,20.0,10,10,1.1570534706115723,1.0,1.0,1.0,1.0,1.0,1.0
80,,1,1,1.2309038639068604,1.0,1.0,1.0,1.0,1.0,1.0
80,,1,2,1.2076337337493896,1.0,1.0,1.0,1.0,1.0,1.0
80,,1,3,1.2395284175872803,1.0,1.0,1.0,1.0,1.0,1.0
80,,1,4,1.2639050483703613,1.0,1.0,1.0,1.0,1.0,1.0
80,,1,5,1.2127580642700195,1.0,1.0,1.0,1.0,1.0,1.0
80,,1,6,1.2203238010406494,1.0,1.0,1.0,1.0,1.0,1.0
80,,1,7,1.1577167510986328,1.0,1.0,1.0,1.0,1.0,1.0
80,,1,8,1.2412056922912598,1.0,1.0,1.0,1.0,1.0,1.0
80,,1,9,1.2626278400421143,1.0,1.0,1.0,1.0,1.0,1.0
80,,1,10,1.272049903869629,1.0,1.0,1.0,1.0,1.0,1.0
80,,5,1,1.0911264419555664,1.0,1.0,1.0,1.0,1.0,1.0
80,,5,2,1.0934350490570068,1.0,1.0,1.0,1.0,1.0,1.0
80,,5,3,1.150247573852539,1.0,1.0,1.0,1.0,1.0,1.0
80,,5,4,1.113051176071167,1.0,1.0,1.0,1.0,1.0,1.0
80,,5,5,1.1196868419647217,1.0,1.0,1.0,1.0,1.0,1.0
80,,5,6,1.217839002609253,1.0,1.0,1.0,1.0,1.0,1.0
80,,5,7,1.1475646495819092,1.0,1.0,1.0,1.0,1.0,1.0
80,,5,8,1.1238598823547363,1.0,1.0,1.0,1.0,1.0,1.0
80,,5,9,1.121762990951538,1.0,1.0,1.0,1.0,1.0,1.0
80,,5,10,1.1769888401031494,1.0,1.0,1.0,1.0,1.0,1.0
80,,10,1,1.1356346607208252,1.0,1.0,1.0,1.0,1.0,1.0
80,,10,2,1.1314105987548828,1.0,1.0,1.0,1.0,1.0,1.0
80,,10,3,1.130627155303955,1.0,1.0,1.0,1.0,1.0,1.0
80,,10,4,1.149388074874878,1.0,1.0,1.0,1.0,1.0,1.0
80,,10,5,1.1055908203125,1.0,1.0,1.0,1.0,1.0,1.0
80,,10,6,1.128598690032959,1.0,1.0,1.0,1.0,1.0,1.0
80,,10,7,1.1198325157165527,1.0,1.0,1.0,1.0,1.0,1.0
80,,10,8,1.133260726928711,1.0,1.0,1.0,1.0,1.0,1.0
80,,10,9,1.1442911624908447,1.0,1.0,1.0,1.0,1.0,1.0
80,,10,10,1.145312786102295,1.0,1.0,1.0,1.0,1.0,1.0
90,10.0,1,1,1.2705373764038086,1.0,1.0,1.0,1.0,1.0,1.0
90,10.0,1,2,1.2533555030822754,1.0,1.0,1.0,1.0,1.0,1.0
90,10.0,1,3,1.2547247409820557,1.0,1.0,1.0,1.0,1.0,1.0
90,10.0,1,4,1.3200972080230713,1.0,1.0,1.0,1.0,1.0,1.0
90,10.0,1,5,1.293837547302246,1.0,1.0,1.0,1.0,1.0,1.0
90,10.0,1,6,1.2863657474517822,1.0,1.0,1.0,1.0,1.0,1.0
90,10.0,1,7,1.2677011489868164,1.0,1.0,1.0,1.0,1.0,1.0
90,10.0,1,8,1.298471212387085,1.0,1.0,1.0,1.0,1.0,1.0
90,10.0,1,9,1.2716960906982422,1.0,1.0,1.0,1.0,1.0,1.0
90,10.0,1,10,1.3142671585083008,1.0,1.0,1.0,1.0,1.0,1.0
90,10.0,5,1,1.2804148197174072,1.0,1.0,1.0,1.0,1.0,1.0
90,10.0,5,2,1.3000028133392334,1.0,1.0,1.0,1.0,1.0,1.0
90,10.0,5,3,1.3232810497283936,1.0,1.0,1.0,1.0,1.0,1.0
90,10.0,5,4,1.244058609008789,1.0,1.0,1.0,1.0,1.0,1.0
90,10.0,5,5,1.2922070026397705,1.0,1.0,1.0,1.0,1.0,1.0
90,10.0,5,6,1.3453760147094727,1.0,1.0,1.0,1.0,1.0,1.0
90,10.0,5,7,1.2802402973175049,1.0,1.0,1.0,1.0,1.0,1.0
90,10.0,5,8,1.3030638694763184,1.0,1.0,1.0,1.0,1.0,1.0
90,10.0,5,9,1.2694246768951416,1.0,1.0,1.0,1.0,1.0,1.0
90,10.0,5,10,1.3477261066436768,1.0,1.0,1.0,1.0,1.0,1.0
90,10.0,10,1,1.2423615455627441,1.0,1.0,1.0,1.0,1.0,1.0
90,10.0,10,2,1.2314438819885254,1.0,1.0,1.0,1.0,1.0,1.0
90,10.0,10,3,1.2492239475250244,1.0,1.0,1.0,1.0,1.0,1.0
90,10.0,10,4,1.2885103225708008,1.0,1.0,1.0,1.0,1.0,1.0
90,10.0,10,5,1.2655630111694336,1.0,1.0,1.0,1.0,1.0,1.0
90,10.0,10,6,1.2253756523132324,1.0,1.0,1.0,1.0,1.0,1.0
90,10.0,10,7,1.223799705505371,1.0,1.0,1.0,1.0,1.0,1.0
90,10.0,10,8,1.2253661155700684,1.0,1.0,1.0,1.0,1.0,1.0
90,10.0,10,9,1.23992919921875,1.0,1.0,1.0,1.0,1.0,1.0
90,10.0,10,10,1.2389349937438965,1.0,1.0,1.0,1.0,1.0,1.0
90,20.0,1,1,1.2895410060882568,1.0,1.0,1.0,1.0,1.0,1.0
90,20.0,1,2,1.3791284561157227,1.0,1.0,1.0,1.0,1.0,1.0
90,20.0,1,3,1.3785054683685303,1.0,1.0,1.0,1.0,1.0,1.0
90,20.0,1,4,1.3925087451934814,1.0,1.0,1.0,1.0,1.0,1.0
90,20.0,1,5,1.3298008441925049,1.0,1.0,1.0,1.0,1.0,1.0
90,20.0,1,6,1.355642557144165,1.0,1.0,1.0,1.0,1.0,1.0
90,20.0,1,7,1.360114574432373,1.0,1.0,1.0,1.0,1.0,1.0
90,20.0,1,8,1.3102757930755615,1.0,1.0,1.0,1.0,1.0,1.0
90,20.0,1,9,1.3965625762939453,1.0,1.0,1.0,1.0,1.0,1.0
90,20.0,1,10,1.3955905437469482,1.0,1.0,1.0,1.0,1.0,1.0
90,20.0,5,1,1.2279410362243652,1.0,1.0,1.0,1.0,1.0,1.0
90,20.0,5,2,1.2335503101348877,1.0,1.0,1.0,1.0,1.0,1.0
90,20.0,5,3,1.2478549480438232,1.0,1.0,1.0,1.0,1.0,1.0
90,20.0,5,4,1.4010825157165527,1.0,1.0,1.0,1.0,1.0,1.0
90,20.0,5,5,1.2495262622833252,1.0,1.0,1.0,1.0,1.0,1.0
90,20.0,5,6,1.334343433380127,1.0,1.0,1.0,1.0,1.0,1.0
90,20.0,5,7,1.3045077323913574,1.0,1.0,1.0,1.0,1.0,1.0
90,20.0,5,8,1.2571616172790527,1.0,1.0,1.0,1.0,1.0,1.0
90,20.0,5,9,1.3153150081634521,1.0,1.0,1.0,1.0,1.0,1.0
90,20.0,5,10,1.2892930507659912,1.0,1.0,1.0,1.0,1.0,1.0
90,20.0,10,1,1.1945831775665283,1.0,1.0,1.0,1.0,1.0,1.0
90,20.0,10,2,1.3020532131195068,1.0,1.0,1.0,1.0,1.0,1.0
90,20.0,10,3,1.2818028926849365,1.0,1.0,1.0,1.0,1.0,1.0
90,20.0,10,4,1.2561347484588623,1.0,1.0,1.0,1.0,1.0,1.0
90,20.0,10,5,1.2617073059082031,1.0,1.0,1.0,1.0,1.0,1.0
90,20.0,10,6,1.2730467319488525,1.0,1.0,1.0,1.0,1.0,1.0
90,20.0,10,7,1.266843318939209,1.0,1.0,1.0,1.0,1.0,1.0
90,20.0,10,8,1.24318265914917,1.0,1.0,1.0,1.0,1.0,1.0
90,20.0,10,9,1.2817213535308838,1.0,1.0,1.0,1.0,1.0,1.0
90,20.0,10,10,1.3120062351226807,1.0,1.0,1.0,1.0,1.0,1.0
90,,1,1,1.3415451049804688,1.0,1.0,1.0,1.0,1.0,1.0
90,,1,2,1.3788199424743652,1.0,1.0,1.0,1.0,1.0,1.0
90,,1,3,1.339015007019043,1.0,1.0,1.0,1.0,1.0,1.0
90,,1,4,1.3902831077575684,1.0,1.0,1.0,1.0,1.0,1.0
90,,1,5,1.3323454856872559,1.0,1.0,1.0,1.0,1.0,1.0
90,,1,6,1.3745439052581787,1.0,1.0,1.0,1.0,1.0,1.0
90,,1,7,1.3189241886138916,1.0,1.0,1.0,1.0,1.0,1.0
90,,1,8,1.2733392715454102,1.0,1.0,1.0,1.0,1.0,1.0
90,,1,9,1.374903678894043,1.0,1.0,1.0,1.0,1.0,1.0
90,,1,10,1.4097909927368164,1.0,1.0,1.0,1.0,1.0,1.0
90,,5,1,1.2860853672027588,1.0,1.0,1.0,1.0,1.0,1.0
90,,5,2,1.2858378887176514,1.0,1.0,1.0,1.0,1.0,1.0
90,,5,3,1.2862319946289062,1.0,1.0,1.0,1.0,1.0,1.0
90,,5,4,1.3922958374023438,1.0,1.0,1.0,1.0,1.0,1.0
90,,5,5,1.2399957180023193,1.0,1.0,1.0,1.0,1.0,1.0
90,,5,6,1.3295269012451172,1.0,1.0,1.0,1.0,1.0,1.0
90,,5,7,1.340622901916504,1.0,1.0,1.0,1.0,1.0,1.0
90,,5,8,1.3174962997436523,1.0,1.0,1.0,1.0,1.0,1.0
90,,5,9,1.2887518405914307,1.0,1.0,1.0,1.0,1.0,1.0
90,,5,10,1.317288875579834,1.0,1.0,1.0,1.0,1.0,1.0
90,,10,1,1.2464323043823242,1.0,1.0,1.0,1.0,1.0,1.0
90,,10,2,1.3004841804504395,1.0,1.0,1.0,1.0,1.0,1.0
90,,10,3,1.2663359642028809,1.0,1.0,1.0,1.0,1.0,1.0
90,,10,4,1.2445969581604004,1.0,1.0,1.0,1.0,1.0,1.0
90,,10,5,1.293017864227295,1.0,1.0,1.0,1.0,1.0,1.0
90,,10,6,1.366032600402832,1.0,1.0,1.0,1.0,1.0,1.0
90,,10,7,1.2751517295837402,1.0,1.0,1.0,1.0,1.0,1.0
90,,10,8,1.3075940608978271,1.0,1.0,1.0,1.0,1.0,1.0
90,,10,9,1.2850492000579834,1.0,1.0,1.0,1.0,1.0,1.0
90,,10,10,1.3187081813812256,1.0,1.0,1.0,1.0,1.0,1.0
100,10.0,1,1,1.4181277751922607,1.0,1.0,1.0,1.0,1.0,1.0
100,10.0,1,2,1.3961820602416992,1.0,1.0,1.0,1.0,1.0,1.0
100,10.0,1,3,1.4079065322875977,1.0,1.0,1.0,1.0,1.0,1.0
100,10.0,1,4,1.4587066173553467,1.0,1.0,1.0,1.0,1.0,1.0
100,10.0,1,5,1.4839768409729004,1.0,1.0,1.0,1.0,1.0,1.0
100,10.0,1,6,1.4510350227355957,1.0,1.0,1.0,1.0,1.0,1.0
100,10.0,1,7,1.4082510471343994,1.0,1.0,1.0,1.0,1.0,1.0
100,10.0,1,8,1.3783886432647705,1.0,1.0,1.0,1.0,1.0,1.0
100,10.0,1,9,1.4838600158691406,1.0,1.0,1.0,1.0,1.0,1.0
100,10.0,1,10,1.4890708923339844,1.0,1.0,1.0,1.0,1.0,1.0
100,10.0,5,1,1.4625751972198486,1.0,1.0,1.0,1.0,1.0,1.0
100,10.0,5,2,1.3763277530670166,1.0,1.0,1.0,1.0,1.0,1.0
100,10.0,5,3,1.371307611465454,1.0,1.0,1.0,1.0,1.0,1.0
100,10.0,5,4,1.338336706161499,1.0,1.0,1.0,1.0,1.0,1.0
100,10.0,5,5,1.3879401683807373,1.0,1.0,1.0,1.0,1.0,1.0
100,10.0,5,6,1.3821771144866943,1.0,1.0,1.0,1.0,1.0,1.0
100,10.0,5,7,1.3446826934814453,1.0,1.0,1.0,1.0,1.0,1.0
100,10.0,5,8,1.3468167781829834,1.0,1.0,1.0,1.0,1.0,1.0
100,10.0,5,9,1.3298490047454834,1.0,1.0,1.0,1.0,1.0,1.0
100,10.0,5,10,1.4318058490753174,1.0,1.0,1.0,1.0,1.0,1.0
100,10.0,10,1,1.4709498882293701,1.0,1.0,1.0,1.0,1.0,1.0
100,10.0,10,2,1.3809747695922852,1.0,1.0,1.0,1.0,1.0,1.0
100,10.0,10,3,1.4218196868896484,1.0,1.0,1.0,1.0,1.0,1.0
100,10.0,10,4,1.44840407371521,1.0,1.0,1.0,1.0,1.0,1.0
100,10.0,10,5,1.4008991718292236,1.0,1.0,1.0,1.0,1.0,1.0
100,10.0,10,6,1.4409444332122803,1.0,1.0,1.0,1.0,1.0,1.0
100,10.0,10,7,1.3681974411010742,1.0,1.0,1.0,1.0,1.0,1.0
100,10.0,10,8,1.3615808486938477,1.0,1.0,1.0,1.0,1.0,1.0
100,10.0,10,9,1.4055330753326416,1.0,1.0,1.0,1.0,1.0,1.0
100,10.0,10,10,1.3818306922912598,1.0,1.0,1.0,1.0,1.0,1.0
100,20.0,1,1,1.4488623142242432,1.0,1.0,1.0,1.0,1.0,1.0
100,20.0,1,2,1.4936308860778809,1.0,1.0,1.0,1.0,1.0,1.0
100,20.0,1,3,1.482020378112793,1.0,1.0,1.0,1.0,1.0,1.0
100,20.0,1,4,1.5893645286560059,1.0,1.0,1.0,1.0,1.0,1.0
100,20.0,1,5,1.5109741687774658,1.0,1.0,1.0,1.0,1.0,1.0
100,20.0,1,6,1.5103700160980225,1.0,1.0,1.0,1.0,1.0,1.0
100,20.0,1,7,1.4858856201171875,1.0,1.0,1.0,1.0,1.0,1.0
100,20.0,1,8,1.4384725093841553,1.0,1.0,1.0,1.0,1.0,1.0
100,20.0,1,9,1.4673621654510498,1.0,1.0,1.0,1.0,1.0,1.0
100,20.0,1,10,1.5696990489959717,1.0,1.0,1.0,1.0,1.0,1.0
100,20.0,5,1,1.391277551651001,1.0,1.0,1.0,1.0,1.0,1.0
100,20.0,5,2,1.416264533996582,1.0,1.0,1.0,1.0,1.0,1.0
100,20.0,5,3,1.3772602081298828,1.0,1.0,1.0,1.0,1.0,1.0
100,20.0,5,4,1.462754487991333,1.0,1.0,1.0,1.0,1.0,1.0
100,20.0,5,5,1.4284956455230713,1.0,1.0,1.0,1.0,1.0,1.0
100,20.0,5,6,1.411942720413208,1.0,1.0,1.0,1.0,1.0,1.0
100,20.0,5,7,1.4336216449737549,1.0,1.0,1.0,1.0,1.0,1.0
100,20.0,5,8,1.4584274291992188,1.0,1.0,1.0,1.0,1.0,1.0
100,20.0,5,9,1.4248106479644775,1.0,1.0,1.0,1.0,1.0,1.0
100,20.0,5,10,1.394822120666504,1.0,1.0,1.0,1.0,1.0,1.0
100,20.0,10,1,1.3528432846069336,1.0,1.0,1.0,1.0,1.0,1.0
100,20.0,10,2,1.3585615158081055,1.0,1.0,1.0,1.0,1.0,1.0
100,20.0,10,3,1.423302412033081,1.0,1.0,1.0,1.0,1.0,1.0
100,20.0,10,4,1.3884785175323486,1.0,1.0,1.0,1.0,1.0,1.0
100,20.0,10,5,1.3741378784179688,1.0,1.0,1.0,1.0,1.0,1.0
100,20.0,10,6,1.4833636283874512,1.0,1.0,1.0,1.0,1.0,1.0
100,20.0,10,7,1.3967840671539307,1.0,1.0,1.0,1.0,1.0,1.0
100,20.0,10,8,1.3907058238983154,1.0,1.0,1.0,1.0,1.0,1.0
100,20.0,10,9,1.4108293056488037,1.0,1.0,1.0,1.0,1.0,1.0
100,20.0,10,10,1.412856101989746,1.0,1.0,1.0,1.0,1.0,1.0
100,,1,1,1.4992527961730957,1.0,1.0,1.0,1.0,1.0,1.0
100,,1,2,1.4660277366638184,1.0,1.0,1.0,1.0,1.0,1.0
100,,1,3,1.5677740573883057,1.0,1.0,1.0,1.0,1.0,1.0
100,,1,4,1.482041835784912,1.0,1.0,1.0,1.0,1.0,1.0
100,,1,5,1.5106418132781982,1.0,1.0,1.0,1.0,1.0,1.0
100,,1,6,1.5039699077606201,1.0,1.0,1.0,1.0,1.0,1.0
100,,1,7,1.5176868438720703,1.0,1.0,1.0,1.0,1.0,1.0
100,,1,8,1.4586446285247803,1.0,1.0,1.0,1.0,1.0,1.0
100,,1,9,1.5182347297668457,1.0,1.0,1.0,1.0,1.0,1.0
100,,1,10,1.5880601406097412,1.0,1.0,1.0,1.0,1.0,1.0
100,,5,1,1.4140198230743408,1.0,1.0,1.0,1.0,1.0,1.0
100,,5,2,1.4289062023162842,1.0,1.0,1.0,1.0,1.0,1.0
100,,5,3,1.4531168937683105,1.0,1.0,1.0,1.0,1.0,1.0
100,,5,4,1.4639201164245605,1.0,1.0,1.0,1.0,1.0,1.0
100,,5,5,1.4219753742218018,1.0,1.0,1.0,1.0,1.0,1.0
100,,5,6,1.4955413341522217,1.0,1.0,1.0,1.0,1.0,1.0
100,,5,7,1.4133315086364746,1.0,1.0,1.0,1.0,1.0,1.0
100,,5,8,1.3966031074523926,1.0,1.0,1.0,1.0,1.0,1.0
100,,5,9,1.4327049255371094,1.0,1.0,1.0,1.0,1.0,1.0
100,,5,10,1.433772087097168,1.0,1.0,1.0,1.0,1.0,1.0
100,,10,1,1.4193503856658936,1.0,1.0,1.0,1.0,1.0,1.0
100,,10,2,1.4094343185424805,1.0,1.0,1.0,1.0,1.0,1.0
100,,10,3,1.4745562076568604,1.0,1.0,1.0,1.0,1.0,1.0
100,,10,4,1.6477766036987305,1.0,1.0,1.0,1.0,1.0,1.0
100,,10,5,1.4240045547485352,1.0,1.0,1.0,1.0,1.0,1.0
100,,10,6,1.5244200229644775,1.0,1.0,1.0,1.0,1.0,1.0
100,,10,7,1.4469232559204102,1.0,1.0,1.0,1.0,1.0,1.0
100,,10,8,1.450303077697754,1.0,1.0,1.0,1.0,1.0,1.0
100,,10,9,1.4940667152404785,1.0,1.0,1.0,1.0,1.0,1.0
100,,10,10,1.4460110664367676,1.0,1.0,1.0,1.0,1.0,1.0
